label,kappa_abs_MHz,B_T,delta_inter_min_leading_MHz
current_49Ti,46.3738,0.6,0.433946217134074
current_49Ti,46.3738,0.602,0.42435132357214034
current_49Ti,46.3738,0.604,0.41475643001020623
current_49Ti,46.3738,0.606,0.40516153644827213
current_49Ti,46.3738,0.608,0.395566642886338
current_49Ti,46.3738,0.61,0.3859717493244039
current_49Ti,46.3738,0.612,0.3763768557624698
current_49Ti,46.3738,0.614,0.3667819622005357
current_49Ti,46.3738,0.616,0.3571870686386016
current_49Ti,46.3738,0.618,0.34759217507666795
current_49Ti,46.3738,0.62,0.33799728151473385
current_49Ti,46.3738,0.622,0.32840238795279975
current_49Ti,46.3738,0.624,0.31880749439086564
current_49Ti,46.3738,0.626,0.30921260082893154
current_49Ti,46.3738,0.628,0.29961770726699744
current_49Ti,46.3738,0.63,0.29002281370506333
current_49Ti,46.3738,0.632,0.28042792014312923
current_49Ti,46.3738,0.634,0.27083302658119557
current_49Ti,46.3738,0.636,0.26123813301926146
current_49Ti,46.3738,0.638,0.25164323945732736
current_49Ti,46.3738,0.64,0.24204834589539326
current_49Ti,46.3738,0.642,0.23245345233345915
current_49Ti,46.3738,0.644,0.22285855877152505
current_49Ti,46.3738,0.646,0.21326366520959095
current_49Ti,46.3738,0.648,0.20366877164765684
current_49Ti,46.3738,0.65,0.19407387808572318
current_49Ti,46.3738,0.652,0.18447898452378908
current_49Ti,46.3738,0.654,0.17488409096185498
current_49Ti,46.3738,0.656,0.16528919739992087
current_49Ti,46.3738,0.658,0.15569430383798677
current_49Ti,46.3738,0.66,0.14609941027605267
current_49Ti,46.3738,0.662,0.13650451671411856
current_49Ti,46.3738,0.664,0.12690962315218446
current_49Ti,46.3738,0.666,0.1173147295902508
current_49Ti,46.3738,0.668,0.1077198360283167
current_49Ti,46.3738,0.67,0.09812494246638259
current_49Ti,46.3738,0.672,0.08853004890444849
current_49Ti,46.3738,0.674,0.07893515534251438
current_49Ti,46.3738,0.676,0.06934026178058028
current_49Ti,46.3738,0.678,0.05974536821864618
current_49Ti,46.3738,0.68,0.050150474656712074
current_49Ti,46.3738,0.682,0.040555581094778415
current_49Ti,46.3738,0.684,0.03096068753284431
current_49Ti,46.3738,0.686,0.021365793970910207
current_49Ti,46.3738,0.6880000000000001,0.011770900408976104
current_49Ti,46.3738,0.6900000000000001,0.002176006847042
current_49Ti,46.3738,0.6920000000000001,0.007418886714892103
current_49Ti,46.3738,0.6940000000000001,0.017013780276826207
current_49Ti,46.3738,0.6960000000000001,0.02660867383876031
current_49Ti,46.3738,0.6980000000000001,0.03620356740069397
current_49Ti,46.3738,0.7000000000000001,0.045798460962628074
current_49Ti,46.3738,0.7020000000000001,0.05539335452456218
current_49Ti,46.3738,0.7040000000000001,0.06498824808649628
current_49Ti,46.3738,0.7060000000000001,0.07458314164843038
current_49Ti,46.3738,0.7080000000000001,0.08417803521036449
current_49Ti,46.3738,0.7100000000000001,0.09377292877229859
current_49Ti,46.3738,0.7120000000000001,0.1033678223342327
current_49Ti,46.3738,0.7140000000000001,0.11296271589616635
current_49Ti,46.3738,0.7160000000000001,0.12255760945810046
current_49Ti,46.3738,0.7180000000000001,0.13215250302003456
current_49Ti,46.3738,0.7200000000000001,0.14174739658196867
current_49Ti,46.3738,0.7220000000000001,0.15134229014390277
current_49Ti,46.3738,0.7240000000000001,0.16093718370583687
current_49Ti,46.3738,0.7260000000000001,0.17053207726777098
current_49Ti,46.3738,0.7280000000000001,0.18012697082970508
current_49Ti,46.3738,0.7300000000000001,0.18972186439163874
current_49Ti,46.3738,0.7320000000000001,0.19931675795357284
current_49Ti,46.3738,0.7340000000000001,0.20891165151550695
current_49Ti,46.3738,0.7360000000000001,0.21850654507744105
current_49Ti,46.3738,0.7380000000000001,0.22810143863937515
current_49Ti,46.3738,0.7400000000000001,0.23769633220130926
current_49Ti,46.3738,0.7420000000000001,0.24729122576324336
current_49Ti,46.3738,0.7440000000000001,0.25688611932517746
current_49Ti,46.3738,0.7460000000000001,0.2664810128871111
current_49Ti,46.3738,0.7480000000000001,0.2760759064490452
current_49Ti,46.3738,0.7500000000000001,0.28567080001097933
current_49Ti,46.3738,0.7520000000000001,0.29526569357291343
current_49Ti,46.3738,0.7540000000000001,0.30486058713484754
current_49Ti,46.3738,0.7560000000000001,0.31445548069678164
current_49Ti,46.3738,0.7580000000000001,0.32405037425871575
current_49Ti,46.3738,0.7600000000000001,0.33364526782064985
current_49Ti,46.3738,0.7620000000000001,0.3432401613825835
current_49Ti,46.3738,0.7640000000000001,0.3528350549445176
current_49Ti,46.3738,0.7660000000000001,0.3624299485064517
current_49Ti,46.3738,0.7680000000000001,0.3720248420683858
current_49Ti,46.3738,0.7700000000000001,0.3816197356303199
current_49Ti,46.3738,0.7720000000000001,0.391214629192254
current_49Ti,46.3738,0.7740000000000001,0.40080952275418813
current_49Ti,46.3738,0.7760000000000001,0.41040441631612223
current_49Ti,46.3738,0.7780000000000001,0.4199993098780559
current_49Ti,46.3738,0.7800000000000001,0.42959420343999
current_49Ti,46.3738,0.7820000000000001,0.4391890970019241
current_49Ti,46.3738,0.7840000000000001,0.4487839905638582
current_49Ti,46.3738,0.7860000000000001,0.4583788841257923
current_49Ti,46.3738,0.7880000000000001,0.4679737776877264
current_49Ti,46.3738,0.7900000000000001,0.4775686712496605
current_49Ti,46.3738,0.7920000000000001,0.4871635648115946
current_49Ti,46.3738,0.7940000000000002,0.4967584583735283
current_49Ti,46.3738,0.7960000000000002,0.5063533519354624
current_49Ti,46.3738,0.7980000000000002,0.5159482454973965
current_49Ti,46.3738,0.8000000000000002,0.5255431390593306
current_49Ti,46.3738,0.8020000000000002,0.5351380326212647
current_49Ti,46.3738,0.8040000000000002,0.5447329261831988
current_49Ti,46.3738,0.8060000000000002,0.5543278197451329
current_49Ti,46.3738,0.8080000000000002,0.563922713307067
current_49Ti,46.3738,0.8100000000000002,0.5735176068690007
current_49Ti,46.3738,0.8120000000000002,0.5831125004309348
current_49Ti,46.3738,0.8140000000000002,0.5927073939928689
current_49Ti,46.3738,0.8160000000000002,0.602302287554803
current_49Ti,46.3738,0.8180000000000002,0.6118971811167371
current_49Ti,46.3738,0.8200000000000002,0.6214920746786712
current_49Ti,46.3738,0.8220000000000002,0.6310869682406053
current_49Ti,46.3738,0.8240000000000002,0.6406818618025394
current_49Ti,46.3738,0.8260000000000002,0.650276755364473
current_49Ti,46.3738,0.8280000000000002,0.6598716489264072
current_49Ti,46.3738,0.8300000000000002,0.6694665424883413
current_49Ti,46.3738,0.8320000000000002,0.6790614360502754
current_49Ti,46.3738,0.8340000000000002,0.688656329612209
current_49Ti,46.3738,0.8360000000000002,0.6982512231741436
current_49Ti,46.3738,0.8380000000000002,0.7078461167360772
current_49Ti,46.3738,0.8400000000000002,0.7174410102980118
current_49Ti,46.3738,0.8420000000000002,0.7270359038599454
current_49Ti,46.3738,0.8440000000000002,0.73663079742188
current_49Ti,46.3738,0.8460000000000002,0.7462256909838136
current_49Ti,46.3738,0.8480000000000002,0.7558205845457482
current_49Ti,46.3738,0.8500000000000002,0.7654154781076818
current_49Ti,46.3738,0.8520000000000002,0.7750103716696155
current_49Ti,46.3738,0.8540000000000002,0.78460526523155
current_49Ti,46.3738,0.8560000000000002,0.7942001587934837
current_49Ti,46.3738,0.8580000000000002,0.8037950523554183
current_49Ti,46.3738,0.8600000000000002,0.8133899459173519
current_49Ti,46.3738,0.8620000000000002,0.8229848394792865
current_49Ti,46.3738,0.8640000000000002,0.8325797330412201
current_49Ti,46.3738,0.8660000000000002,0.8421746266031538
current_49Ti,46.3738,0.8680000000000002,0.8517695201650883
current_49Ti,46.3738,0.8700000000000002,0.861364413727022
current_49Ti,46.3738,0.8720000000000002,0.8709593072889565
current_49Ti,46.3738,0.8740000000000002,0.8805542008508902
current_49Ti,46.3738,0.8760000000000002,0.8901490944128247
current_49Ti,46.3738,0.8780000000000002,0.8997439879747584
current_49Ti,46.3738,0.8800000000000002,0.909338881536693
current_49Ti,46.3738,0.8820000000000002,0.9189337750986266
current_49Ti,46.3738,0.8840000000000002,0.9285286686605603
current_49Ti,46.3738,0.8860000000000002,0.9381235622224948
current_49Ti,46.3738,0.8880000000000002,0.9477184557844285
current_49Ti,46.3738,0.8900000000000002,0.957313349346363
current_49Ti,46.3738,0.8920000000000002,0.9669082429082967
current_49Ti,46.3738,0.8940000000000002,0.9765031364702312
current_49Ti,46.3738,0.8960000000000002,0.9860980300321649
current_49Ti,46.3738,0.8980000000000002,0.9956929235940986
current_49Ti,46.3738,0.9000000000000002,1.005287817156033
current_49Ti,46.3738,0.9020000000000002,1.0148827107179668
current_49Ti,46.3738,0.9040000000000002,1.0244776042799013
current_49Ti,46.3738,0.9060000000000002,1.034072497841835
current_49Ti,46.3738,0.9080000000000003,1.0436673914037695
current_49Ti,46.3738,0.9100000000000003,1.0532622849657032
current_49Ti,46.3738,0.9120000000000003,1.0628571785276377
current_49Ti,46.3738,0.9140000000000003,1.0724520720895714
current_49Ti,46.3738,0.9160000000000003,1.082046965651505
current_49Ti,46.3738,0.9180000000000003,1.0916418592134396
current_49Ti,46.3738,0.9200000000000003,1.1012367527753733
current_49Ti,46.3738,0.9220000000000003,1.1108316463373078
current_49Ti,46.3738,0.9240000000000003,1.1204265398992415
current_49Ti,46.3738,0.9260000000000003,1.130021433461176
current_49Ti,46.3738,0.9280000000000003,1.1396163270231097
current_49Ti,46.3738,0.9300000000000003,1.1492112205850433
current_49Ti,46.3738,0.9320000000000003,1.1588061141469779
current_49Ti,46.3738,0.9340000000000003,1.1684010077089115
current_49Ti,46.3738,0.9360000000000003,1.177995901270846
current_49Ti,46.3738,0.9380000000000003,1.1875907948327797
current_49Ti,46.3738,0.9400000000000003,1.1971856883947143
current_49Ti,46.3738,0.9420000000000003,1.206780581956648
current_49Ti,46.3738,0.9440000000000003,1.2163754755185825
current_49Ti,46.3738,0.9460000000000003,1.2259703690805162
current_49Ti,46.3738,0.9480000000000003,1.2355652626424498
current_49Ti,46.3738,0.9500000000000003,1.2451601562043844
current_49Ti,46.3738,0.9520000000000003,1.254755049766318
current_49Ti,46.3738,0.9540000000000003,1.2643499433282526
current_49Ti,46.3738,0.9560000000000003,1.2739448368901862
current_49Ti,46.3738,0.9580000000000003,1.2835397304521208
current_49Ti,46.3738,0.9600000000000003,1.2931346240140544
current_49Ti,46.3738,0.9620000000000003,1.302729517575988
current_49Ti,46.3738,0.9640000000000003,1.3123244111379226
current_49Ti,46.3738,0.9660000000000003,1.3219193046998563
current_49Ti,46.3738,0.9680000000000003,1.3315141982617908
current_49Ti,46.3738,0.9700000000000003,1.3411090918237245
current_49Ti,46.3738,0.9720000000000003,1.350703985385659
current_49Ti,46.3738,0.9740000000000003,1.3602988789475927
current_49Ti,46.3738,0.9760000000000003,1.3698937725095273
current_49Ti,46.3738,0.9780000000000003,1.379488666071461
current_49Ti,46.3738,0.9800000000000003,1.3890835596333946
current_49Ti,46.3738,0.9820000000000003,1.3986784531953291
current_49Ti,46.3738,0.9840000000000003,1.4082733467572628
current_49Ti,46.3738,0.9860000000000003,1.4178682403191973
current_49Ti,46.3738,0.9880000000000003,1.427463133881131
current_49Ti,46.3738,0.9900000000000003,1.4370580274430655
current_49Ti,46.3738,0.9920000000000003,1.4466529210049992
current_49Ti,46.3738,0.9940000000000003,1.4562478145669329
current_49Ti,46.3738,0.9960000000000003,1.4658427081288674
current_49Ti,46.3738,0.9980000000000003,1.475437601690801
current_49Ti,46.3738,1.0000000000000004,1.4850324952527356
current_49Ti,46.3738,1.0020000000000002,1.4946273888146693
current_49Ti,46.3738,1.0040000000000004,1.5042222823766038
current_49Ti,46.3738,1.0060000000000002,1.5138171759385375
current_49Ti,46.3738,1.0080000000000005,1.523412069500472
current_49Ti,46.3738,1.0100000000000002,1.5330069630624048
current_49Ti,46.3738,1.0120000000000005,1.5426018566243402
current_49Ti,46.3738,1.0140000000000002,1.552196750186273
current_49Ti,46.3738,1.0160000000000005,1.5617916437482084
current_49Ti,46.3738,1.0180000000000002,1.5713865373101412
current_49Ti,46.3738,1.0200000000000005,1.5809814308720767
current_49Ti,46.3738,1.0220000000000002,1.5905763244340094
current_49Ti,46.3738,1.0240000000000005,1.6001712179959449
current_49Ti,46.3738,1.0260000000000002,1.6097661115578776
current_49Ti,46.3738,1.0280000000000005,1.619361005119813
current_49Ti,46.3738,1.0300000000000002,1.6289558986817458
current_49Ti,46.3738,1.0320000000000005,1.6385507922436804
current_49Ti,46.3738,1.0340000000000003,1.648145685805614
current_49Ti,46.3738,1.0360000000000005,1.6546737063467374
current_49Ti,46.3738,1.0380000000000003,1.6450788127848037
current_49Ti,46.3738,1.0400000000000005,1.6354839192228692
current_49Ti,46.3738,1.0420000000000003,1.6258890256609364
current_49Ti,46.3738,1.0440000000000005,1.616294132099001
current_49Ti,46.3738,1.0460000000000003,1.6066992385370682
current_49Ti,46.3738,1.0480000000000005,1.5971043449751328
current_49Ti,46.3738,1.0500000000000003,1.5875094514132
current_49Ti,46.3738,1.0520000000000005,1.5779145578512646
current_49Ti,46.3738,1.0540000000000003,1.5683196642893318
current_49Ti,46.3738,1.0560000000000005,1.5587247707273963
current_49Ti,46.3738,1.0580000000000003,1.5491298771654636
current_49Ti,46.3738,1.0600000000000005,1.5395349836035281
current_49Ti,46.3738,1.0620000000000003,1.5299400900415954
current_49Ti,46.3738,1.0640000000000005,1.5203451964796608
current_49Ti,46.3738,1.0660000000000003,1.5107503029177272
current_49Ti,46.3738,1.0680000000000005,1.5011554093557926
current_49Ti,46.3738,1.0700000000000003,1.491560515793859
current_49Ti,46.3738,1.0720000000000005,1.4819656222319244
current_49Ti,46.3738,1.0740000000000003,1.4723707286699916
current_49Ti,46.3738,1.0760000000000005,1.4627758351080562
current_49Ti,46.3738,1.0780000000000003,1.4531809415461234
current_49Ti,46.3738,1.0800000000000005,1.443586047984188
current_49Ti,46.3738,1.0820000000000003,1.4339911544222552
current_49Ti,46.3738,1.0840000000000005,1.4243962608603198
current_49Ti,46.3738,1.0860000000000003,1.414801367298387
current_49Ti,46.3738,1.0880000000000005,1.4052064737364516
current_49Ti,46.3738,1.0900000000000003,1.3956115801745188
current_49Ti,46.3738,1.0920000000000005,1.3860166866125834
current_49Ti,46.3738,1.0940000000000003,1.3764217930506506
current_49Ti,46.3738,1.0960000000000005,1.366826899488716
current_49Ti,46.3738,1.0980000000000003,1.3572320059267824
current_49Ti,46.3738,1.1000000000000005,1.3476371123648478
current_49Ti,46.3738,1.1020000000000003,1.3380422188029142
current_49Ti,46.3738,1.1040000000000005,1.3284473252409796
current_49Ti,46.3738,1.1060000000000003,1.3188524316790469
current_49Ti,46.3738,1.1080000000000005,1.3092575381171114
current_49Ti,46.3738,1.1100000000000003,1.2996626445551787
current_49Ti,46.3738,1.1120000000000005,1.2900677509932432
current_49Ti,46.3738,1.1140000000000003,1.2804728574313105
current_49Ti,46.3738,1.1160000000000005,1.270877963869375
current_49Ti,46.3738,1.1180000000000003,1.2612830703074422
current_49Ti,46.3738,1.1200000000000006,1.2516881767455068
current_49Ti,46.3738,1.1220000000000003,1.242093283183574
current_49Ti,46.3738,1.1240000000000006,1.2324983896216386
current_49Ti,46.3738,1.1260000000000003,1.2229034960597058
current_49Ti,46.3738,1.1280000000000006,1.2133086024977713
current_49Ti,46.3738,1.1300000000000003,1.2037137089358376
current_49Ti,46.3738,1.1320000000000006,1.194118815373903
current_49Ti,46.3738,1.1340000000000003,1.1845239218119694
current_49Ti,46.3738,1.1360000000000006,1.1749290282500349
current_49Ti,46.3738,1.1380000000000003,1.165334134688102
current_49Ti,46.3738,1.1400000000000006,1.1557392411261667
current_49Ti,46.3738,1.1420000000000003,1.146144347564234
current_49Ti,46.3738,1.1440000000000006,1.1365494540022985
current_49Ti,46.3738,1.1460000000000004,1.1269545604403657
current_49Ti,46.3738,1.1480000000000006,1.1173596668784302
current_49Ti,46.3738,1.1500000000000004,1.1077647733164975
current_49Ti,46.3738,1.1520000000000006,1.098169879754562
current_49Ti,46.3738,1.1540000000000004,1.0885749861926293
current_49Ti,46.3738,1.1560000000000006,1.0789800926306938
current_49Ti,46.3738,1.1580000000000004,1.069385199068761
current_49Ti,46.3738,1.1600000000000006,1.0597903055068265
current_49Ti,46.3738,1.1620000000000004,1.0501954119448929
current_49Ti,46.3738,1.1640000000000006,1.0406005183829583
current_49Ti,46.3738,1.1660000000000004,1.0310056248210246
current_49Ti,46.3738,1.1680000000000006,1.02141073125909
current_49Ti,46.3738,1.1700000000000004,1.0118158376971573
current_49Ti,46.3738,1.1720000000000006,1.002220944135222
current_49Ti,46.3738,1.1740000000000004,0.9926260505732891
current_49Ti,46.3738,1.1760000000000006,0.9830311570113537
current_49Ti,46.3738,1.1780000000000004,0.9734362634494209
current_49Ti,46.3738,1.1800000000000006,0.9638413698874855
current_49Ti,46.3738,1.1820000000000004,0.9542464763255527
current_49Ti,46.3738,1.1840000000000006,0.9446515827636173
current_49Ti,46.3738,1.1860000000000004,0.9350566892016845
current_49Ti,46.3738,1.1880000000000006,0.9254617956397491
current_49Ti,46.3738,1.1900000000000004,0.9158669020778163
current_49Ti,46.3738,1.1920000000000006,0.9062720085158817
current_49Ti,46.3738,1.1940000000000004,0.8966771149539481
current_49Ti,46.3738,1.1960000000000006,0.8870822213920135
current_49Ti,46.3738,1.1980000000000004,0.8774873278300799
current_49Ti,46.3738,1.2000000000000006,0.8678924342681453
current_49Ti,46.3738,1.2020000000000004,0.8582975407062126
current_49Ti,46.3738,1.2040000000000006,0.8487026471442771
current_49Ti,46.3738,1.2060000000000004,0.8391077535823444
current_49Ti,46.3738,1.2080000000000006,0.8295128600204089
current_49Ti,46.3738,1.2100000000000004,0.8199179664584761
current_49Ti,46.3738,1.2120000000000006,0.8103230728965407
current_49Ti,46.3738,1.2140000000000004,0.8007281793346079
current_49Ti,46.3738,1.2160000000000006,0.7911332857726725
current_49Ti,46.3738,1.2180000000000004,0.7815383922107397
current_49Ti,46.3738,1.2200000000000006,0.7719434986488043
current_49Ti,46.3738,1.2220000000000004,0.7623486050868715
current_49Ti,46.3738,1.2240000000000006,0.752753711524937
current_49Ti,46.3738,1.2260000000000004,0.7431588179630033
current_49Ti,46.3738,1.2280000000000006,0.7335639244010688
current_49Ti,46.3738,1.2300000000000004,0.7239690308391351
current_49Ti,46.3738,1.2320000000000007,0.7143741372772006
current_49Ti,46.3738,1.2340000000000004,0.7047792437152678
current_49Ti,46.3738,1.2360000000000007,0.6951843501533324
current_49Ti,46.3738,1.2380000000000004,0.6855894565913996
current_49Ti,46.3738,1.2400000000000007,0.6759945630294641
current_49Ti,46.3738,1.2420000000000004,0.6663996694675314
current_49Ti,46.3738,1.2440000000000007,0.6568047759055959
current_49Ti,46.3738,1.2460000000000004,0.6472098823436632
current_49Ti,46.3738,1.2480000000000007,0.6376149887817277
current_49Ti,46.3738,1.2500000000000004,0.628020095219795
current_49Ti,46.3738,1.2520000000000007,0.6184252016578595
current_49Ti,46.3738,1.2540000000000004,0.6088303080959268
current_49Ti,46.3738,1.2560000000000007,0.5992354145339922
current_49Ti,46.3738,1.2580000000000005,0.5896405209720585
current_49Ti,46.3738,1.2600000000000007,0.580045627410124
current_49Ti,46.3738,1.2620000000000005,0.5704507338481903
current_49Ti,46.3738,1.2640000000000007,0.5608558402862558
current_49Ti,46.3738,1.2660000000000005,0.551260946724323
current_49Ti,46.3738,1.2680000000000007,0.5416660531623876
current_49Ti,46.3738,1.2700000000000005,0.5320711596004548
current_49Ti,46.3738,1.2720000000000007,0.5224762660385194
current_49Ti,46.3738,1.2740000000000005,0.5128813724765866
current_49Ti,46.3738,1.2760000000000007,0.5032864789146512
current_49Ti,46.3738,1.2780000000000005,0.4936915853527184
current_49Ti,46.3738,1.2800000000000007,0.48409669179078296
current_49Ti,46.3738,1.2820000000000005,0.4745017982288502
current_49Ti,46.3738,1.2840000000000007,0.46490690466691476
current_49Ti,46.3738,1.2860000000000005,0.455312011104982
current_49Ti,46.3738,1.2880000000000007,0.44571711754304744
current_49Ti,46.3738,1.2900000000000005,0.4361222239811138
current_49Ti,46.3738,1.2920000000000007,0.42652733041917923
current_49Ti,46.3738,1.2940000000000005,0.41693243685724557
current_49Ti,46.3738,1.2960000000000007,0.407337543295311
current_49Ti,46.3738,1.2980000000000005,0.39774264973337825
current_49Ti,46.3738,1.3000000000000007,0.3881477561714428
current_49Ti,46.3738,1.3020000000000005,0.37855286260951004
current_49Ti,46.3738,1.3040000000000007,0.3689579690475746
current_49Ti,46.3738,1.3060000000000005,0.35936307548564184
current_49Ti,46.3738,1.3080000000000007,0.3497681819237064
current_49Ti,46.3738,1.3100000000000005,0.34017328836177363
current_49Ti,46.3738,1.3120000000000007,0.3305783947998382
current_49Ti,46.3738,1.3140000000000005,0.3209835012379054
current_49Ti,46.3738,1.3160000000000007,0.31138860767597
current_49Ti,46.3738,1.3180000000000005,0.3017937141140372
current_49Ti,46.3738,1.3200000000000007,0.29219882055210267
current_49Ti,46.3738,1.3220000000000005,0.282603926990169
current_49Ti,46.3738,1.3240000000000007,0.27300903342823446
current_49Ti,46.3738,1.3260000000000005,0.2634141398663008
current_49Ti,46.3738,1.3280000000000007,0.25381924630436625
current_49Ti,46.3738,1.3300000000000005,0.24422435274243348
current_49Ti,46.3738,1.3320000000000007,0.23462945918049805
current_49Ti,46.3738,1.3340000000000005,0.22503456561856527
current_49Ti,46.3738,1.3360000000000007,0.21543967205662984
current_49Ti,46.3738,1.3380000000000005,0.20584477849469707
current_49Ti,46.3738,1.3400000000000007,0.19624988493276163
current_49Ti,46.3738,1.3420000000000005,0.18665499137082886
current_49Ti,46.3738,1.3440000000000007,0.17706009780889342
current_49Ti,46.3738,1.3460000000000005,0.16746520424696065
current_49Ti,46.3738,1.3480000000000008,0.15787031068502522
current_49Ti,46.3738,1.3500000000000005,0.14827541712309245
current_49Ti,46.3738,1.3520000000000008,0.1386805235611579
current_49Ti,46.3738,1.3540000000000005,0.12908562999922424
current_49Ti,46.3738,1.3560000000000008,0.11949073643728969
current_49Ti,46.3738,1.3580000000000005,0.10989584287535603
current_49Ti,46.3738,1.3600000000000008,0.10030094931342148
current_49Ti,46.3738,1.3620000000000005,0.09070605575148871
current_49Ti,46.3738,1.3640000000000008,0.08111116218955328
current_49Ti,46.3738,1.3660000000000005,0.0715162686276205
current_49Ti,46.3738,1.3680000000000008,0.06192137506568507
current_49Ti,46.3738,1.3700000000000006,0.0523264815037523
current_49Ti,46.3738,1.3720000000000008,0.04273158794181686
current_49Ti,46.3738,1.3740000000000006,0.03313669437988409
current_49Ti,46.3738,1.3760000000000008,0.023541800817948655
current_49Ti,46.3738,1.3780000000000006,0.013946907256015884
current_49Ti,46.3738,1.3800000000000008,0.004352013694080448
current_49Ti,46.3738,1.3820000000000006,0.005242879867852324
current_49Ti,46.3738,1.3840000000000008,0.014837773429786871
current_49Ti,46.3738,1.3860000000000006,0.02443266699172053
current_49Ti,46.3738,1.3880000000000008,0.03402756055365508
current_49Ti,46.3738,1.3900000000000006,0.04362245411558874
current_49Ti,46.3738,1.3920000000000008,0.053217347677523286
current_49Ti,46.3738,1.3940000000000006,0.06281224123945606
current_49Ti,46.3738,1.3960000000000008,0.07240713480139149
current_49Ti,46.3738,1.3980000000000006,0.08200202836332426
current_49Ti,46.3738,1.4000000000000008,0.0915969219252597
current_49Ti,46.3738,1.4020000000000006,0.10119181548719247
current_49Ti,46.3738,1.4040000000000008,0.11078670904912791
current_49Ti,46.3738,1.4060000000000006,0.12038160261106068
current_49Ti,46.3738,1.4080000000000008,0.12997649617299611
current_49Ti,46.3738,1.4100000000000006,0.13957138973492889
current_49Ti,46.3738,1.4120000000000008,0.14916628329686432
current_49Ti,46.3738,1.4140000000000006,0.1587611768587971
current_49Ti,46.3738,1.4160000000000008,0.16835607042073164
current_49Ti,46.3738,1.4180000000000006,0.1779509639826653
current_49Ti,46.3738,1.4200000000000008,0.18754585754459985
current_49Ti,46.3738,1.4220000000000006,0.1971407511065335
current_49Ti,46.3738,1.4240000000000008,0.20673564466846805
current_49Ti,46.3738,1.4260000000000006,0.21633053823040083
current_49Ti,46.3738,1.4280000000000008,0.22592543179233626
current_49Ti,46.3738,1.4300000000000006,0.23552032535426903
current_49Ti,46.3738,1.4320000000000008,0.24511521891620447
current_49Ti,46.3738,1.4340000000000006,0.25471011247813724
current_49Ti,46.3738,1.4360000000000008,0.2643050060400727
current_49Ti,46.3738,1.4380000000000006,0.27389989960200545
current_49Ti,46.3738,1.4400000000000008,0.2834947931639409
current_49Ti,46.3738,1.4420000000000006,0.29308968672587365
current_49Ti,46.3738,1.4440000000000008,0.3026845802878091
current_49Ti,46.3738,1.4460000000000006,0.31227947384974186
current_49Ti,46.3738,1.4480000000000008,0.3218743674116764
current_49Ti,46.3738,1.4500000000000006,0.33146926097361007
current_49Ti,46.3738,1.4520000000000008,0.3410641545355446
current_49Ti,46.3738,1.4540000000000006,0.3506590480974783
current_49Ti,46.3738,1.4560000000000008,0.3602539416594128
current_49Ti,46.3738,1.4580000000000006,0.3698488352213456
current_49Ti,46.3738,1.4600000000000009,0.37944372878328103
current_49Ti,46.3738,1.4620000000000006,0.3890386223452138
current_49Ti,46.3738,1.4640000000000009,0.39863351590714924
current_49Ti,46.3738,1.4660000000000006,0.408228409469082
current_49Ti,46.3738,1.4680000000000009,0.41782330303101745
current_49Ti,46.3738,1.4700000000000006,0.4274181965929502
current_49Ti,46.3738,1.4720000000000009,0.43701309015488565
current_49Ti,46.3738,1.4740000000000006,0.4466079837168184
current_49Ti,46.3738,1.4760000000000009,0.45620287727875386
current_49Ti,46.3738,1.4780000000000006,0.46579777084068663
current_49Ti,46.3738,1.4800000000000009,0.4753926644026212
current_49Ti,46.3738,1.4820000000000007,0.48498755796455484
current_49Ti,46.3738,1.4840000000000009,0.4945824515264894
current_49Ti,46.3738,1.4860000000000007,0.504177345088423
current_49Ti,46.3738,1.4880000000000009,0.5137722386503576
current_49Ti,46.3738,1.4900000000000007,0.5233671322122904
current_49Ti,46.3738,1.4920000000000009,0.5329620257742258
current_49Ti,46.3738,1.4940000000000007,0.5425569193361586
current_49Ti,46.3738,1.4960000000000009,0.552151812898094
current_49Ti,46.3738,1.4980000000000007,0.5617467064600268
current_49Ti,46.3738,1.5000000000000009,0.5713416000219622
current_49Ti,46.3738,1.5020000000000007,0.580936493583895
current_49Ti,46.3738,1.504000000000001,0.5905313871458304
current_49Ti,46.3738,1.5060000000000007,0.6001262807077632
current_49Ti,46.3738,1.508000000000001,0.6097211742696986
current_49Ti,46.3738,1.5100000000000007,0.6193160678316314
current_49Ti,46.3738,1.512000000000001,0.628910961393566
current_49Ti,46.3738,1.5140000000000007,0.6385058549554996
current_49Ti,46.3738,1.516000000000001,0.6481007485174342
current_49Ti,46.3738,1.5180000000000007,0.6576956420793678
current_49Ti,46.3738,1.520000000000001,0.6672905356413024
current_49Ti,46.3738,1.5220000000000007,0.6768854292032351
current_49Ti,46.3738,1.524000000000001,0.6864803227651706
current_49Ti,46.3738,1.5260000000000007,0.6960752163271033
current_49Ti,46.3738,1.528000000000001,0.7056701098890388
current_49Ti,46.3738,1.5300000000000007,0.7152650034509715
current_49Ti,46.3738,1.532000000000001,0.724859897012907
current_49Ti,46.3738,1.5340000000000007,0.7344547905748398
current_49Ti,46.3738,1.536000000000001,0.7440496841367752
current_49Ti,46.3738,1.5380000000000007,0.753644577698708
current_49Ti,46.3738,1.540000000000001,0.7632394712606434
current_49Ti,46.3738,1.5420000000000007,0.7728343648225762
current_49Ti,46.3738,1.544000000000001,0.7824292583845107
current_49Ti,46.3738,1.5460000000000007,0.7920241519464444
current_49Ti,46.3738,1.548000000000001,0.8016190455083789
current_49Ti,46.3738,1.5500000000000007,0.8112139390703126
current_49Ti,46.3738,1.552000000000001,0.8208088326322471
current_49Ti,46.3738,1.5540000000000007,0.8304037261941799
current_49Ti,46.3738,1.556000000000001,0.8399986197561153
current_49Ti,46.3738,1.5580000000000007,0.8495935133180481
current_49Ti,46.3738,1.560000000000001,0.8591884068799835
current_49Ti,46.3738,1.5620000000000007,0.8687833004419163
current_49Ti,46.3738,1.564000000000001,0.8783781940038518
current_49Ti,46.3738,1.5660000000000007,0.8879730875657845
current_49Ti,46.3738,1.568000000000001,0.89756798112772
current_49Ti,46.3738,1.5700000000000007,0.9071628746896527
current_49Ti,46.3738,1.572000000000001,0.9167577682515882
current_49Ti,46.3738,1.5740000000000007,0.9263526618135209
current_49Ti,46.3738,1.576000000000001,0.9359475553754555
current_49Ti,46.3738,1.5780000000000007,0.9455424489373891
current_49Ti,46.3738,1.580000000000001,0.9551373424993237
current_49Ti,46.3738,1.5820000000000007,0.9647322360612574
current_49Ti,46.3738,1.584000000000001,0.9743271296231919
current_49Ti,46.3738,1.5860000000000007,0.9839220231851247
current_49Ti,46.3738,1.588000000000001,0.9935169167470601
current_49Ti,46.3738,1.5900000000000007,1.0031118103089929
current_49Ti,46.3738,1.592000000000001,1.0127067038709283
current_49Ti,46.3738,1.5940000000000007,1.022301597432861
current_49Ti,46.3738,1.596000000000001,1.0318964909947965
current_49Ti,46.3738,1.5980000000000008,1.0414913845567293
current_49Ti,46.3738,1.600000000000001,1.0510862781186647
current_49Ti,46.3738,1.6020000000000008,1.0606811716805975
current_49Ti,46.3738,1.604000000000001,1.070276065242533
current_49Ti,46.3738,1.6060000000000008,1.0798709588044657
current_49Ti,46.3738,1.608000000000001,1.0894658523664003
current_49Ti,46.3738,1.6100000000000008,1.099060745928334
current_49Ti,46.3738,1.612000000000001,1.1086556394902685
current_49Ti,46.3738,1.6140000000000008,1.1182505330522021
current_49Ti,46.3738,1.616000000000001,1.1278454266141367
current_49Ti,46.3738,1.6180000000000008,1.1374403201760694
current_49Ti,46.3738,1.620000000000001,1.1470352137380049
current_49Ti,46.3738,1.6220000000000008,1.1566301072999376
current_49Ti,46.3738,1.624000000000001,1.166225000861873
current_49Ti,46.3738,1.6260000000000008,1.1758198944238059
current_49Ti,46.3738,1.628000000000001,1.1854147879857413
current_49Ti,46.3738,1.6300000000000008,1.195009681547674
current_49Ti,46.3738,1.632000000000001,1.2046045751096095
current_49Ti,46.3738,1.6340000000000008,1.2141994686715423
current_49Ti,46.3738,1.636000000000001,1.2237943622334777
current_49Ti,46.3738,1.6380000000000008,1.2333892557954105
current_49Ti,46.3738,1.640000000000001,1.242984149357345
current_49Ti,46.3738,1.6420000000000008,1.2525790429192787
current_49Ti,46.3738,1.644000000000001,1.2621739364812132
current_49Ti,46.3738,1.6460000000000008,1.271768830043147
current_49Ti,46.3738,1.648000000000001,1.2813637236050814
current_49Ti,46.3738,1.6500000000000008,1.2909586171670142
current_49Ti,46.3738,1.652000000000001,1.3005535107289496
current_49Ti,46.3738,1.6540000000000008,1.3101484042908824
current_49Ti,46.3738,1.656000000000001,1.3197432978528179
current_49Ti,46.3738,1.6580000000000008,1.3293381914147506
current_49Ti,46.3738,1.660000000000001,1.338933084976686
current_49Ti,46.3738,1.6620000000000008,1.3485279785386188
current_49Ti,46.3738,1.664000000000001,1.3581228721005543
current_49Ti,46.3738,1.6660000000000008,1.367717765662487
current_49Ti,46.3738,1.668000000000001,1.3773126592244216
current_49Ti,46.3738,1.6700000000000008,1.3869075527863552
current_49Ti,46.3738,1.672000000000001,1.3965024463482907
current_49Ti,46.3738,1.6740000000000008,1.4060973399102226
current_49Ti,46.3738,1.676000000000001,1.415692233472158
current_49Ti,46.3738,1.6780000000000008,1.4252871270340917
current_49Ti,46.3738,1.680000000000001,1.434882020596027
current_49Ti,46.3738,1.6820000000000008,1.444476914157959
current_49Ti,46.3738,1.684000000000001,1.4540718077198944
current_49Ti,46.3738,1.6860000000000008,1.463666701281828
current_49Ti,46.3738,1.688000000000001,1.4732615948437617
current_49Ti,46.3738,1.6900000000000008,1.4828564884056954
current_49Ti,46.3738,1.692000000000001,1.4924513819676308
current_49Ti,46.3738,1.6940000000000008,1.5020462755295645
current_49Ti,46.3738,1.696000000000001,1.5116411690914981
current_49Ti,46.3738,1.6980000000000008,1.5212360626534318
current_49Ti,46.3738,1.700000000000001,1.5308309562153672
current_49Ti,46.3738,1.7020000000000008,1.5404258497772991
current_49Ti,46.3738,1.704000000000001,1.5500207433392346
current_49Ti,46.3738,1.7060000000000008,1.5596156369011682
current_49Ti,46.3738,1.708000000000001,1.5692105304631037
current_49Ti,46.3738,1.7100000000000009,1.5788054240250355
current_49Ti,46.3738,1.712000000000001,1.588400317586971
current_49Ti,46.3738,1.7140000000000009,1.5979952111489046
current_49Ti,46.3738,1.716000000000001,1.60759010471084
current_49Ti,46.3738,1.7180000000000009,1.617184998272772
current_49Ti,46.3738,1.720000000000001,1.6267798918347074
current_49Ti,46.3738,1.7220000000000009,1.636374785396641
current_49Ti,46.3738,1.724000000000001,1.6459696789585747
current_49Ti,46.3738,1.7260000000000009,1.6555645725205084
current_49Ti,46.3738,1.728000000000001,1.6472548196318417
current_49Ti,46.3738,1.7300000000000009,1.6376599260699098
current_49Ti,46.3738,1.732000000000001,1.6280650325079744
current_49Ti,46.3738,1.7340000000000009,1.6184701389460407
current_49Ti,46.3738,1.736000000000001,1.6088752453841053
current_49Ti,46.3738,1.7380000000000009,1.5992803518221734
current_49Ti,46.3738,1.740000000000001,1.589685458260238
current_49Ti,46.3738,1.7420000000000009,1.5800905646983043
current_49Ti,46.3738,1.744000000000001,1.570495671136369
current_49Ti,46.3738,1.7460000000000009,1.560900777574437
current_49Ti,46.3738,1.748000000000001,1.5513058840125016
current_49Ti,46.3738,1.7500000000000009,1.541710990450568
current_49Ti,46.3738,1.7520000000000011,1.5321160968886343
current_49Ti,46.3738,1.754000000000001,1.5225212033267006
current_49Ti,46.3738,1.7560000000000011,1.5129263097647652
current_49Ti,46.3738,1.758000000000001,1.5033314162028315
current_49Ti,46.3738,1.7600000000000011,1.4937365226408978
current_49Ti,46.3738,1.762000000000001,1.4841416290789642
current_49Ti,46.3738,1.7640000000000011,1.4745467355170288
current_49Ti,46.3738,1.766000000000001,1.4649518419550969
current_49Ti,46.3738,1.7680000000000011,1.4553569483931614
current_49Ti,46.3738,1.770000000000001,1.4457620548312278
current_49Ti,46.3738,1.7720000000000011,1.4361671612692923
current_49Ti,46.3738,1.774000000000001,1.4265722677073605
current_49Ti,46.3738,1.7760000000000011,1.416977374145425
current_49Ti,46.3738,1.778000000000001,1.4073824805834914
current_49Ti,46.3738,1.7800000000000011,1.397787587021556
current_49Ti,46.3738,1.782000000000001,1.388192693459624
current_49Ti,46.3738,1.7840000000000011,1.3785977998976886
current_49Ti,46.3738,1.786000000000001,1.369002906335755
current_49Ti,46.3738,1.7880000000000011,1.3594080127738213
current_49Ti,46.3738,1.790000000000001,1.3498131192118876
current_49Ti,46.3738,1.7920000000000011,1.3402182256499522
current_49Ti,46.3738,1.794000000000001,1.3306233320880203
current_49Ti,46.3738,1.7960000000000012,1.3210284385260849
current_49Ti,46.3738,1.798000000000001,1.3114335449641512
current_49Ti,46.3738,1.8000000000000012,1.3018386514022158
3MHz_ceiling_target,84.0,0.6,2.878468068580212
3MHz_ceiling_target,84.0,0.602,2.8880629621421456
3MHz_ceiling_target,84.0,0.604,2.8976578557040797
3MHz_ceiling_target,84.0,0.606,2.907252749266014
3MHz_ceiling_target,84.0,0.608,2.916847642827948
3MHz_ceiling_target,84.0,0.61,2.926442536389882
3MHz_ceiling_target,84.0,0.612,2.936037429951816
3MHz_ceiling_target,84.0,0.614,2.9456323235137503
3MHz_ceiling_target,84.0,0.616,2.9552272170756844
3MHz_ceiling_target,84.0,0.618,2.964822110637618
3MHz_ceiling_target,84.0,0.62,2.974417004199552
3MHz_ceiling_target,84.0,0.622,2.9840118977614862
3MHz_ceiling_target,84.0,0.624,2.9936067913234203
3MHz_ceiling_target,84.0,0.626,2.9967983151146456
3MHz_ceiling_target,84.0,0.628,2.9872034215527115
3MHz_ceiling_target,84.0,0.63,2.9776085279907774
3MHz_ceiling_target,84.0,0.632,2.9680136344288433
3MHz_ceiling_target,84.0,0.634,2.9584187408669096
3MHz_ceiling_target,84.0,0.636,2.9488238473049755
3MHz_ceiling_target,84.0,0.638,2.9392289537430414
3MHz_ceiling_target,84.0,0.64,2.9296340601811073
3MHz_ceiling_target,84.0,0.642,2.920039166619173
3MHz_ceiling_target,84.0,0.644,2.910444273057239
3MHz_ceiling_target,84.0,0.646,2.900849379495305
3MHz_ceiling_target,84.0,0.648,2.891254485933371
3MHz_ceiling_target,84.0,0.65,2.881659592371437
3MHz_ceiling_target,84.0,0.652,2.872064698809503
3MHz_ceiling_target,84.0,0.654,2.862469805247569
3MHz_ceiling_target,84.0,0.656,2.852874911685635
3MHz_ceiling_target,84.0,0.658,2.843280018123701
3MHz_ceiling_target,84.0,0.66,2.8336851245617667
3MHz_ceiling_target,84.0,0.662,2.8240902309998326
3MHz_ceiling_target,84.0,0.664,2.8144953374378985
3MHz_ceiling_target,84.0,0.666,2.804900443875965
3MHz_ceiling_target,84.0,0.668,2.7953055503140307
3MHz_ceiling_target,84.0,0.67,2.7857106567520966
3MHz_ceiling_target,84.0,0.672,2.7761157631901625
3MHz_ceiling_target,84.0,0.674,2.7665208696282284
3MHz_ceiling_target,84.0,0.676,2.7569259760662943
3MHz_ceiling_target,84.0,0.678,2.74733108250436
3MHz_ceiling_target,84.0,0.68,2.737736188942426
3MHz_ceiling_target,84.0,0.682,2.7281412953804924
3MHz_ceiling_target,84.0,0.684,2.7185464018185583
3MHz_ceiling_target,84.0,0.686,2.7089515082566242
3MHz_ceiling_target,84.0,0.6880000000000001,2.69935661469469
3MHz_ceiling_target,84.0,0.6900000000000001,2.689761721132756
3MHz_ceiling_target,84.0,0.6920000000000001,2.680166827570822
3MHz_ceiling_target,84.0,0.6940000000000001,2.670571934008888
3MHz_ceiling_target,84.0,0.6960000000000001,2.6609770404469537
3MHz_ceiling_target,84.0,0.6980000000000001,2.65138214688502
3MHz_ceiling_target,84.0,0.7000000000000001,2.641787253323086
3MHz_ceiling_target,84.0,0.7020000000000001,2.632192359761152
3MHz_ceiling_target,84.0,0.7040000000000001,2.6225974661992177
3MHz_ceiling_target,84.0,0.7060000000000001,2.6130025726372836
3MHz_ceiling_target,84.0,0.7080000000000001,2.6034076790753495
3MHz_ceiling_target,84.0,0.7100000000000001,2.5938127855134154
3MHz_ceiling_target,84.0,0.7120000000000001,2.5842178919514813
3MHz_ceiling_target,84.0,0.7140000000000001,2.5746229983895477
3MHz_ceiling_target,84.0,0.7160000000000001,2.5650281048276136
3MHz_ceiling_target,84.0,0.7180000000000001,2.5554332112656795
3MHz_ceiling_target,84.0,0.7200000000000001,2.5458383177037454
3MHz_ceiling_target,84.0,0.7220000000000001,2.5362434241418113
3MHz_ceiling_target,84.0,0.7240000000000001,2.526648530579877
3MHz_ceiling_target,84.0,0.7260000000000001,2.517053637017943
3MHz_ceiling_target,84.0,0.7280000000000001,2.507458743456009
3MHz_ceiling_target,84.0,0.7300000000000001,2.4978638498940753
3MHz_ceiling_target,84.0,0.7320000000000001,2.488268956332141
3MHz_ceiling_target,84.0,0.7340000000000001,2.478674062770207
3MHz_ceiling_target,84.0,0.7360000000000001,2.469079169208273
3MHz_ceiling_target,84.0,0.7380000000000001,2.459484275646339
3MHz_ceiling_target,84.0,0.7400000000000001,2.4498893820844048
3MHz_ceiling_target,84.0,0.7420000000000001,2.4402944885224707
3MHz_ceiling_target,84.0,0.7440000000000001,2.4306995949605366
3MHz_ceiling_target,84.0,0.7460000000000001,2.421104701398603
3MHz_ceiling_target,84.0,0.7480000000000001,2.411509807836669
3MHz_ceiling_target,84.0,0.7500000000000001,2.4019149142747347
3MHz_ceiling_target,84.0,0.7520000000000001,2.3923200207128006
3MHz_ceiling_target,84.0,0.7540000000000001,2.3827251271508665
3MHz_ceiling_target,84.0,0.7560000000000001,2.3731302335889324
3MHz_ceiling_target,84.0,0.7580000000000001,2.3635353400269983
3MHz_ceiling_target,84.0,0.7600000000000001,2.353940446465064
3MHz_ceiling_target,84.0,0.7620000000000001,2.3443455529031305
3MHz_ceiling_target,84.0,0.7640000000000001,2.3347506593411964
3MHz_ceiling_target,84.0,0.7660000000000001,2.3251557657792623
3MHz_ceiling_target,84.0,0.7680000000000001,2.315560872217328
3MHz_ceiling_target,84.0,0.7700000000000001,2.305965978655394
3MHz_ceiling_target,84.0,0.7720000000000001,2.29637108509346
3MHz_ceiling_target,84.0,0.7740000000000001,2.286776191531526
3MHz_ceiling_target,84.0,0.7760000000000001,2.277181297969592
3MHz_ceiling_target,84.0,0.7780000000000001,2.267586404407658
3MHz_ceiling_target,84.0,0.7800000000000001,2.257991510845724
3MHz_ceiling_target,84.0,0.7820000000000001,2.24839661728379
3MHz_ceiling_target,84.0,0.7840000000000001,2.238801723721856
3MHz_ceiling_target,84.0,0.7860000000000001,2.2292068301599217
3MHz_ceiling_target,84.0,0.7880000000000001,2.2196119365979876
3MHz_ceiling_target,84.0,0.7900000000000001,2.2100170430360535
3MHz_ceiling_target,84.0,0.7920000000000001,2.2004221494741194
3MHz_ceiling_target,84.0,0.7940000000000002,2.1908272559121857
3MHz_ceiling_target,84.0,0.7960000000000002,2.1812323623502516
3MHz_ceiling_target,84.0,0.7980000000000002,2.1716374687883175
3MHz_ceiling_target,84.0,0.8000000000000002,2.1620425752263834
3MHz_ceiling_target,84.0,0.8020000000000002,2.1524476816644493
3MHz_ceiling_target,84.0,0.8040000000000002,2.1428527881025152
3MHz_ceiling_target,84.0,0.8060000000000002,2.133257894540581
3MHz_ceiling_target,84.0,0.8080000000000002,2.123663000978647
3MHz_ceiling_target,84.0,0.8100000000000002,2.1140681074167134
3MHz_ceiling_target,84.0,0.8120000000000002,2.1044732138547793
3MHz_ceiling_target,84.0,0.8140000000000002,2.094878320292845
3MHz_ceiling_target,84.0,0.8160000000000002,2.085283426730911
3MHz_ceiling_target,84.0,0.8180000000000002,2.075688533168977
3MHz_ceiling_target,84.0,0.8200000000000002,2.066093639607043
3MHz_ceiling_target,84.0,0.8220000000000002,2.0564987460451087
3MHz_ceiling_target,84.0,0.8240000000000002,2.0469038524831746
3MHz_ceiling_target,84.0,0.8260000000000002,2.037308958921241
3MHz_ceiling_target,84.0,0.8280000000000002,2.027714065359307
3MHz_ceiling_target,84.0,0.8300000000000002,2.0181191717973728
3MHz_ceiling_target,84.0,0.8320000000000002,2.0085242782354387
3MHz_ceiling_target,84.0,0.8340000000000002,1.998929384673505
3MHz_ceiling_target,84.0,0.8360000000000002,1.9893344911115705
3MHz_ceiling_target,84.0,0.8380000000000002,1.9797395975496368
3MHz_ceiling_target,84.0,0.8400000000000002,1.9701447039877023
3MHz_ceiling_target,84.0,0.8420000000000002,1.9605498104257686
3MHz_ceiling_target,84.0,0.8440000000000002,1.950954916863834
3MHz_ceiling_target,84.0,0.8460000000000002,1.9413600233019004
3MHz_ceiling_target,84.0,0.8480000000000002,1.9317651297399658
3MHz_ceiling_target,84.0,0.8500000000000002,1.9221702361780322
3MHz_ceiling_target,84.0,0.8520000000000002,1.9125753426160985
3MHz_ceiling_target,84.0,0.8540000000000002,1.902980449054164
3MHz_ceiling_target,84.0,0.8560000000000002,1.8933855554922303
3MHz_ceiling_target,84.0,0.8580000000000002,1.8837906619302958
3MHz_ceiling_target,84.0,0.8600000000000002,1.874195768368362
3MHz_ceiling_target,84.0,0.8620000000000002,1.8646008748064276
3MHz_ceiling_target,84.0,0.8640000000000002,1.855005981244494
3MHz_ceiling_target,84.0,0.8660000000000002,1.8454110876825602
3MHz_ceiling_target,84.0,0.8680000000000002,1.8358161941206257
3MHz_ceiling_target,84.0,0.8700000000000002,1.826221300558692
3MHz_ceiling_target,84.0,0.8720000000000002,1.8166264069967575
3MHz_ceiling_target,84.0,0.8740000000000002,1.8070315134348238
3MHz_ceiling_target,84.0,0.8760000000000002,1.7974366198728893
3MHz_ceiling_target,84.0,0.8780000000000002,1.7878417263109556
3MHz_ceiling_target,84.0,0.8800000000000002,1.778246832749021
3MHz_ceiling_target,84.0,0.8820000000000002,1.7686519391870874
3MHz_ceiling_target,84.0,0.8840000000000002,1.7590570456251537
3MHz_ceiling_target,84.0,0.8860000000000002,1.7494621520632192
3MHz_ceiling_target,84.0,0.8880000000000002,1.7398672585012855
3MHz_ceiling_target,84.0,0.8900000000000002,1.730272364939351
3MHz_ceiling_target,84.0,0.8920000000000002,1.7206774713774173
3MHz_ceiling_target,84.0,0.8940000000000002,1.7110825778154828
3MHz_ceiling_target,84.0,0.8960000000000002,1.7014876842535491
3MHz_ceiling_target,84.0,0.8980000000000002,1.6918927906916155
3MHz_ceiling_target,84.0,0.9000000000000002,1.682297897129681
3MHz_ceiling_target,84.0,0.9020000000000002,1.6727030035677473
3MHz_ceiling_target,84.0,0.9040000000000002,1.6631081100058127
3MHz_ceiling_target,84.0,0.9060000000000002,1.653513216443879
3MHz_ceiling_target,84.0,0.9080000000000003,1.6439183228819445
3MHz_ceiling_target,84.0,0.9100000000000003,1.6343234293200108
3MHz_ceiling_target,84.0,0.9120000000000003,1.6247285357580763
3MHz_ceiling_target,84.0,0.9140000000000003,1.6151336421961426
3MHz_ceiling_target,84.0,0.9160000000000003,1.605538748634209
3MHz_ceiling_target,84.0,0.9180000000000003,1.5959438550722744
3MHz_ceiling_target,84.0,0.9200000000000003,1.5863489615103408
3MHz_ceiling_target,84.0,0.9220000000000003,1.5767540679484062
3MHz_ceiling_target,84.0,0.9240000000000003,1.5671591743864726
3MHz_ceiling_target,84.0,0.9260000000000003,1.557564280824538
3MHz_ceiling_target,84.0,0.9280000000000003,1.5479693872626044
3MHz_ceiling_target,84.0,0.9300000000000003,1.5383744937006707
3MHz_ceiling_target,84.0,0.9320000000000003,1.5287796001387361
3MHz_ceiling_target,84.0,0.9340000000000003,1.5191847065768025
3MHz_ceiling_target,84.0,0.9360000000000003,1.509589813014868
3MHz_ceiling_target,84.0,0.9380000000000003,1.4999949194529343
3MHz_ceiling_target,84.0,0.9400000000000003,1.4904000258909997
3MHz_ceiling_target,84.0,0.9420000000000003,1.480805132329066
3MHz_ceiling_target,84.0,0.9440000000000003,1.4712102387671315
3MHz_ceiling_target,84.0,0.9460000000000003,1.4616153452051979
3MHz_ceiling_target,84.0,0.9480000000000003,1.4520204516432642
3MHz_ceiling_target,84.0,0.9500000000000003,1.4424255580813297
3MHz_ceiling_target,84.0,0.9520000000000003,1.432830664519396
3MHz_ceiling_target,84.0,0.9540000000000003,1.4232357709574615
3MHz_ceiling_target,84.0,0.9560000000000003,1.4136408773955278
3MHz_ceiling_target,84.0,0.9580000000000003,1.4040459838335932
3MHz_ceiling_target,84.0,0.9600000000000003,1.3944510902716596
3MHz_ceiling_target,84.0,0.9620000000000003,1.384856196709726
3MHz_ceiling_target,84.0,0.9640000000000003,1.3752613031477914
3MHz_ceiling_target,84.0,0.9660000000000003,1.3656664095858577
3MHz_ceiling_target,84.0,0.9680000000000003,1.3560715160239232
3MHz_ceiling_target,84.0,0.9700000000000003,1.3464766224619895
3MHz_ceiling_target,84.0,0.9720000000000003,1.336881728900055
3MHz_ceiling_target,84.0,0.9740000000000003,1.3272868353381213
3MHz_ceiling_target,84.0,0.9760000000000003,1.3176919417761868
3MHz_ceiling_target,84.0,0.9780000000000003,1.308097048214253
3MHz_ceiling_target,84.0,0.9800000000000003,1.2985021546523194
3MHz_ceiling_target,84.0,0.9820000000000003,1.288907261090385
3MHz_ceiling_target,84.0,0.9840000000000003,1.2793123675284512
3MHz_ceiling_target,84.0,0.9860000000000003,1.2697174739665167
3MHz_ceiling_target,84.0,0.9880000000000003,1.260122580404583
3MHz_ceiling_target,84.0,0.9900000000000003,1.2505276868426485
3MHz_ceiling_target,84.0,0.9920000000000003,1.2409327932807148
3MHz_ceiling_target,84.0,0.9940000000000003,1.2313378997187812
3MHz_ceiling_target,84.0,0.9960000000000003,1.2217430061568466
3MHz_ceiling_target,84.0,0.9980000000000003,1.212148112594913
3MHz_ceiling_target,84.0,1.0000000000000004,1.2025532190329784
3MHz_ceiling_target,84.0,1.0020000000000002,1.1929583254710447
3MHz_ceiling_target,84.0,1.0040000000000004,1.1833634319091102
3MHz_ceiling_target,84.0,1.0060000000000002,1.1737685383471765
3MHz_ceiling_target,84.0,1.0080000000000005,1.164173644785242
3MHz_ceiling_target,84.0,1.0100000000000002,1.1545787512233092
3MHz_ceiling_target,84.0,1.0120000000000005,1.1449838576613738
3MHz_ceiling_target,84.0,1.0140000000000002,1.135388964099441
3MHz_ceiling_target,84.0,1.0160000000000005,1.1257940705375056
3MHz_ceiling_target,84.0,1.0180000000000002,1.1161991769755728
3MHz_ceiling_target,84.0,1.0200000000000005,1.1066042834136374
3MHz_ceiling_target,84.0,1.0220000000000002,1.0970093898517046
3MHz_ceiling_target,84.0,1.0240000000000005,1.0874144962897692
3MHz_ceiling_target,84.0,1.0260000000000002,1.0778196027278364
3MHz_ceiling_target,84.0,1.0280000000000005,1.068224709165901
3MHz_ceiling_target,84.0,1.0300000000000002,1.0586298156039682
3MHz_ceiling_target,84.0,1.0320000000000005,1.0490349220420336
3MHz_ceiling_target,84.0,1.0340000000000003,1.0394400284801
3MHz_ceiling_target,84.0,1.0360000000000005,1.0298451349181654
3MHz_ceiling_target,84.0,1.0380000000000003,1.0202502413562318
3MHz_ceiling_target,84.0,1.0400000000000005,1.0106553477942972
3MHz_ceiling_target,84.0,1.0420000000000003,1.0010604542323644
3MHz_ceiling_target,84.0,1.0440000000000005,0.991465560670429
3MHz_ceiling_target,84.0,1.0460000000000003,0.9818706671084962
3MHz_ceiling_target,84.0,1.0480000000000005,0.9722757735465608
3MHz_ceiling_target,84.0,1.0500000000000003,0.962680879984628
3MHz_ceiling_target,84.0,1.0520000000000005,0.9530859864226926
3MHz_ceiling_target,84.0,1.0540000000000003,0.9434910928607598
3MHz_ceiling_target,84.0,1.0560000000000005,0.9338961992988244
3MHz_ceiling_target,84.0,1.0580000000000003,0.9243013057368916
3MHz_ceiling_target,84.0,1.0600000000000005,0.9147064121749562
3MHz_ceiling_target,84.0,1.0620000000000003,0.9051115186130234
3MHz_ceiling_target,84.0,1.0640000000000005,0.8955166250510889
3MHz_ceiling_target,84.0,1.0660000000000003,0.8859217314891552
3MHz_ceiling_target,84.0,1.0680000000000005,0.8763268379272207
3MHz_ceiling_target,84.0,1.0700000000000003,0.866731944365287
3MHz_ceiling_target,84.0,1.0720000000000005,0.8571370508033525
3MHz_ceiling_target,84.0,1.0740000000000003,0.8475421572414197
3MHz_ceiling_target,84.0,1.0760000000000005,0.8379472636794842
3MHz_ceiling_target,84.0,1.0780000000000003,0.8283523701175515
3MHz_ceiling_target,84.0,1.0800000000000005,0.818757476555616
3MHz_ceiling_target,84.0,1.0820000000000003,0.8091625829936833
3MHz_ceiling_target,84.0,1.0840000000000005,0.7995676894317478
3MHz_ceiling_target,84.0,1.0860000000000003,0.7899727958698151
3MHz_ceiling_target,84.0,1.0880000000000005,0.7803779023078796
3MHz_ceiling_target,84.0,1.0900000000000003,0.7707830087459469
3MHz_ceiling_target,84.0,1.0920000000000005,0.7611881151840114
3MHz_ceiling_target,84.0,1.0940000000000003,0.7515932216220786
3MHz_ceiling_target,84.0,1.0960000000000005,0.7419983280601441
3MHz_ceiling_target,84.0,1.0980000000000003,0.7324034344982104
3MHz_ceiling_target,84.0,1.1000000000000005,0.7228085409362759
3MHz_ceiling_target,84.0,1.1020000000000003,0.7132136473743422
3MHz_ceiling_target,84.0,1.1040000000000005,0.7036187538124077
3MHz_ceiling_target,84.0,1.1060000000000003,0.6940238602504749
3MHz_ceiling_target,84.0,1.1080000000000005,0.6844289666885395
3MHz_ceiling_target,84.0,1.1100000000000003,0.6748340731266067
3MHz_ceiling_target,84.0,1.1120000000000005,0.6652391795646713
3MHz_ceiling_target,84.0,1.1140000000000003,0.6556442860027385
3MHz_ceiling_target,84.0,1.1160000000000005,0.6460493924408031
3MHz_ceiling_target,84.0,1.1180000000000003,0.6364544988788703
3MHz_ceiling_target,84.0,1.1200000000000006,0.6268596053169349
3MHz_ceiling_target,84.0,1.1220000000000003,0.6172647117550021
3MHz_ceiling_target,84.0,1.1240000000000006,0.6076698181930666
3MHz_ceiling_target,84.0,1.1260000000000003,0.5980749246311339
3MHz_ceiling_target,84.0,1.1280000000000006,0.5884800310691993
3MHz_ceiling_target,84.0,1.1300000000000003,0.5788851375072657
3MHz_ceiling_target,84.0,1.1320000000000006,0.5692902439453311
3MHz_ceiling_target,84.0,1.1340000000000003,0.5596953503833975
3MHz_ceiling_target,84.0,1.1360000000000006,0.5501004568214629
3MHz_ceiling_target,84.0,1.1380000000000003,0.5405055632595301
3MHz_ceiling_target,84.0,1.1400000000000006,0.5309106696975947
3MHz_ceiling_target,84.0,1.1420000000000003,0.5213157761356619
3MHz_ceiling_target,84.0,1.1440000000000006,0.5117208825737265
3MHz_ceiling_target,84.0,1.1460000000000004,0.5021259890117937
3MHz_ceiling_target,84.0,1.1480000000000006,0.4925310954498583
3MHz_ceiling_target,84.0,1.1500000000000004,0.4829362018879255
3MHz_ceiling_target,84.0,1.1520000000000006,0.4733413083259901
3MHz_ceiling_target,84.0,1.1540000000000004,0.4637464147640573
3MHz_ceiling_target,84.0,1.1560000000000006,0.4541515212021219
3MHz_ceiling_target,84.0,1.1580000000000004,0.4445566276401891
3MHz_ceiling_target,84.0,1.1600000000000006,0.43496173407825456
3MHz_ceiling_target,84.0,1.1620000000000004,0.4253668405163209
3MHz_ceiling_target,84.0,1.1640000000000006,0.41577194695438635
3MHz_ceiling_target,84.0,1.1660000000000004,0.4061770533924527
3MHz_ceiling_target,84.0,1.1680000000000006,0.39658215983051814
3MHz_ceiling_target,84.0,1.1700000000000004,0.3869872662685854
3MHz_ceiling_target,84.0,1.1720000000000006,0.37739237270664994
3MHz_ceiling_target,84.0,1.1740000000000004,0.36779747914471717
3MHz_ceiling_target,84.0,1.1760000000000006,0.35820258558278173
3MHz_ceiling_target,84.0,1.1780000000000004,0.34860769202084896
3MHz_ceiling_target,84.0,1.1800000000000006,0.3390127984589135
3MHz_ceiling_target,84.0,1.1820000000000004,0.32941790489698075
3MHz_ceiling_target,84.0,1.1840000000000006,0.3198230113350453
3MHz_ceiling_target,84.0,1.1860000000000004,0.31022811777311254
3MHz_ceiling_target,84.0,1.1880000000000006,0.3006332242111771
3MHz_ceiling_target,84.0,1.1900000000000004,0.29103833064924434
3MHz_ceiling_target,84.0,1.1920000000000006,0.2814434370873098
3MHz_ceiling_target,84.0,1.1940000000000004,0.27184854352537613
3MHz_ceiling_target,84.0,1.1960000000000006,0.2622536499634416
3MHz_ceiling_target,84.0,1.1980000000000004,0.2526587564015079
3MHz_ceiling_target,84.0,1.2000000000000006,0.24306386283957337
3MHz_ceiling_target,84.0,1.2020000000000004,0.2334689692776406
3MHz_ceiling_target,84.0,1.2040000000000006,0.22387407571570517
3MHz_ceiling_target,84.0,1.2060000000000004,0.2142791821537724
3MHz_ceiling_target,84.0,1.2080000000000006,0.20468428859183696
3MHz_ceiling_target,84.0,1.2100000000000004,0.1950893950299042
3MHz_ceiling_target,84.0,1.2120000000000006,0.18549450146796875
3MHz_ceiling_target,84.0,1.2140000000000004,0.17589960790603598
3MHz_ceiling_target,84.0,1.2160000000000006,0.16630471434410055
3MHz_ceiling_target,84.0,1.2180000000000004,0.15670982078216777
3MHz_ceiling_target,84.0,1.2200000000000006,0.14711492722023234
3MHz_ceiling_target,84.0,1.2220000000000004,0.13752003365829957
3MHz_ceiling_target,84.0,1.2240000000000006,0.12792514009636502
3MHz_ceiling_target,84.0,1.2260000000000004,0.11833024653443136
3MHz_ceiling_target,84.0,1.2280000000000006,0.10873535297249681
3MHz_ceiling_target,84.0,1.2300000000000004,0.09914045941056315
3MHz_ceiling_target,84.0,1.2320000000000007,0.0895455658486286
3MHz_ceiling_target,84.0,1.2340000000000004,0.07995067228669583
3MHz_ceiling_target,84.0,1.2360000000000007,0.0703557787247604
3MHz_ceiling_target,84.0,1.2380000000000004,0.06076088516282763
3MHz_ceiling_target,84.0,1.2400000000000007,0.05116599160089219
3MHz_ceiling_target,84.0,1.2420000000000004,0.04157109803895942
3MHz_ceiling_target,84.0,1.2440000000000007,0.031976204477023984
3MHz_ceiling_target,84.0,1.2460000000000004,0.022381310915091213
3MHz_ceiling_target,84.0,1.2480000000000007,0.012786417353155777
3MHz_ceiling_target,84.0,1.2500000000000004,0.0031915237912230054
3MHz_ceiling_target,84.0,1.2520000000000007,0.00640336977071243
3MHz_ceiling_target,84.0,1.2540000000000004,0.0159982633326452
3MHz_ceiling_target,84.0,1.2560000000000007,0.02559315689457975
3MHz_ceiling_target,84.0,1.2580000000000005,0.03518805045651341
3MHz_ceiling_target,84.0,1.2600000000000007,0.04478294401844796
3MHz_ceiling_target,84.0,1.2620000000000005,0.054377837580381616
3MHz_ceiling_target,84.0,1.2640000000000007,0.06397273114231616
3MHz_ceiling_target,84.0,1.2660000000000005,0.07356762470424894
3MHz_ceiling_target,84.0,1.2680000000000007,0.08316251826618437
3MHz_ceiling_target,84.0,1.2700000000000005,0.09275741182811714
3MHz_ceiling_target,84.0,1.2720000000000007,0.10235230539005258
3MHz_ceiling_target,84.0,1.2740000000000005,0.11194719895198535
3MHz_ceiling_target,84.0,1.2760000000000007,0.12154209251392079
3MHz_ceiling_target,84.0,1.2780000000000005,0.13113698607585356
3MHz_ceiling_target,84.0,1.2800000000000007,0.140731879637789
3MHz_ceiling_target,84.0,1.2820000000000005,0.15032677319972176
3MHz_ceiling_target,84.0,1.2840000000000007,0.1599216667616572
3MHz_ceiling_target,84.0,1.2860000000000005,0.16951656032358997
3MHz_ceiling_target,84.0,1.2880000000000007,0.17911145388552452
3MHz_ceiling_target,84.0,1.2900000000000005,0.18870634744745818
3MHz_ceiling_target,84.0,1.2920000000000007,0.19830124100939273
3MHz_ceiling_target,84.0,1.2940000000000005,0.20789613457132639
3MHz_ceiling_target,84.0,1.2960000000000007,0.21749102813326093
3MHz_ceiling_target,84.0,1.2980000000000005,0.2270859216951937
3MHz_ceiling_target,84.0,1.3000000000000007,0.23668081525712914
3MHz_ceiling_target,84.0,1.3020000000000005,0.2462757088190619
3MHz_ceiling_target,84.0,1.3040000000000007,0.25587060238099735
3MHz_ceiling_target,84.0,1.3060000000000005,0.2654654959429301
3MHz_ceiling_target,84.0,1.3080000000000007,0.27506038950486555
3MHz_ceiling_target,84.0,1.3100000000000005,0.2846552830667983
3MHz_ceiling_target,84.0,1.3120000000000007,0.29425017662873376
3MHz_ceiling_target,84.0,1.3140000000000005,0.30384507019066653
3MHz_ceiling_target,84.0,1.3160000000000007,0.31343996375260197
3MHz_ceiling_target,84.0,1.3180000000000005,0.32303485731453474
3MHz_ceiling_target,84.0,1.3200000000000007,0.3326297508764693
3MHz_ceiling_target,84.0,1.3220000000000005,0.34222464443840295
3MHz_ceiling_target,84.0,1.3240000000000007,0.3518195380003375
3MHz_ceiling_target,84.0,1.3260000000000005,0.36141443156227115
3MHz_ceiling_target,84.0,1.3280000000000007,0.3710093251242057
3MHz_ceiling_target,84.0,1.3300000000000005,0.3806042186861385
3MHz_ceiling_target,84.0,1.3320000000000007,0.3901991122480739
3MHz_ceiling_target,84.0,1.3340000000000005,0.3997940058100067
3MHz_ceiling_target,84.0,1.3360000000000007,0.4093888993719421
3MHz_ceiling_target,84.0,1.3380000000000005,0.4189837929338749
3MHz_ceiling_target,84.0,1.3400000000000007,0.4285786864958103
3MHz_ceiling_target,84.0,1.3420000000000005,0.4381735800577431
3MHz_ceiling_target,84.0,1.3440000000000007,0.44776847361967853
3MHz_ceiling_target,84.0,1.3460000000000005,0.4573633671816113
3MHz_ceiling_target,84.0,1.3480000000000008,0.46695826074354674
3MHz_ceiling_target,84.0,1.3500000000000005,0.4765531543054795
3MHz_ceiling_target,84.0,1.3520000000000008,0.48614804786741406
3MHz_ceiling_target,84.0,1.3540000000000005,0.4957429414293477
3MHz_ceiling_target,84.0,1.3560000000000008,0.5053378349912823
3MHz_ceiling_target,84.0,1.3580000000000005,0.5149327285532159
3MHz_ceiling_target,84.0,1.3600000000000008,0.5245276221151505
3MHz_ceiling_target,84.0,1.3620000000000005,0.5341225156770832
3MHz_ceiling_target,84.0,1.3640000000000008,0.5437174092390187
3MHz_ceiling_target,84.0,1.3660000000000005,0.5533123028009514
3MHz_ceiling_target,84.0,1.3680000000000008,0.5629071963628869
3MHz_ceiling_target,84.0,1.3700000000000006,0.5725020899248197
3MHz_ceiling_target,84.0,1.3720000000000008,0.5820969834867551
3MHz_ceiling_target,84.0,1.3740000000000006,0.5916918770486879
3MHz_ceiling_target,84.0,1.3760000000000008,0.6012867706106233
3MHz_ceiling_target,84.0,1.3780000000000006,0.6108816641725561
3MHz_ceiling_target,84.0,1.3800000000000008,0.6204765577344915
3MHz_ceiling_target,84.0,1.3820000000000006,0.6300714512964243
3MHz_ceiling_target,84.0,1.3840000000000008,0.6396663448583588
3MHz_ceiling_target,84.0,1.3860000000000006,0.6492612384202925
3MHz_ceiling_target,84.0,1.3880000000000008,0.658856131982227
3MHz_ceiling_target,84.0,1.3900000000000006,0.6684510255441607
3MHz_ceiling_target,84.0,1.3920000000000008,0.6780459191060952
3MHz_ceiling_target,84.0,1.3940000000000006,0.687640812668028
3MHz_ceiling_target,84.0,1.3960000000000008,0.6972357062299634
3MHz_ceiling_target,84.0,1.3980000000000006,0.7068305997918962
3MHz_ceiling_target,84.0,1.4000000000000008,0.7164254933538317
3MHz_ceiling_target,84.0,1.4020000000000006,0.7260203869157644
3MHz_ceiling_target,84.0,1.4040000000000008,0.7356152804776999
3MHz_ceiling_target,84.0,1.4060000000000006,0.7452101740396326
3MHz_ceiling_target,84.0,1.4080000000000008,0.7548050676015681
3MHz_ceiling_target,84.0,1.4100000000000006,0.7643999611635008
3MHz_ceiling_target,84.0,1.4120000000000008,0.7739948547254363
3MHz_ceiling_target,84.0,1.4140000000000006,0.783589748287369
3MHz_ceiling_target,84.0,1.4160000000000008,0.7931846418493036
3MHz_ceiling_target,84.0,1.4180000000000006,0.8027795354112373
3MHz_ceiling_target,84.0,1.4200000000000008,0.8123744289731718
3MHz_ceiling_target,84.0,1.4220000000000006,0.8219693225351055
3MHz_ceiling_target,84.0,1.4240000000000008,0.83156421609704
3MHz_ceiling_target,84.0,1.4260000000000006,0.8411591096589728
3MHz_ceiling_target,84.0,1.4280000000000008,0.8507540032209082
3MHz_ceiling_target,84.0,1.4300000000000006,0.860348896782841
3MHz_ceiling_target,84.0,1.4320000000000008,0.8699437903447764
3MHz_ceiling_target,84.0,1.4340000000000006,0.8795386839067092
3MHz_ceiling_target,84.0,1.4360000000000008,0.8891335774686446
3MHz_ceiling_target,84.0,1.4380000000000006,0.8987284710305774
3MHz_ceiling_target,84.0,1.4400000000000008,0.9083233645925128
3MHz_ceiling_target,84.0,1.4420000000000006,0.9179182581544456
3MHz_ceiling_target,84.0,1.4440000000000008,0.927513151716381
3MHz_ceiling_target,84.0,1.4460000000000006,0.9371080452783138
3MHz_ceiling_target,84.0,1.4480000000000008,0.9467029388402484
3MHz_ceiling_target,84.0,1.4500000000000006,0.956297832402182
3MHz_ceiling_target,84.0,1.4520000000000008,0.9658927259641166
3MHz_ceiling_target,84.0,1.4540000000000006,0.9754876195260502
3MHz_ceiling_target,84.0,1.4560000000000008,0.9850825130879848
3MHz_ceiling_target,84.0,1.4580000000000006,0.9946774066499176
3MHz_ceiling_target,84.0,1.4600000000000009,1.004272300211853
3MHz_ceiling_target,84.0,1.4620000000000006,1.0138671937737858
3MHz_ceiling_target,84.0,1.4640000000000009,1.0234620873357212
3MHz_ceiling_target,84.0,1.4660000000000006,1.033056980897654
3MHz_ceiling_target,84.0,1.4680000000000009,1.0426518744595894
3MHz_ceiling_target,84.0,1.4700000000000006,1.0522467680215222
3MHz_ceiling_target,84.0,1.4720000000000009,1.0618416615834576
3MHz_ceiling_target,84.0,1.4740000000000006,1.0714365551453904
3MHz_ceiling_target,84.0,1.4760000000000009,1.0810314487073258
3MHz_ceiling_target,84.0,1.4780000000000006,1.0906263422692586
3MHz_ceiling_target,84.0,1.4800000000000009,1.1002212358311931
3MHz_ceiling_target,84.0,1.4820000000000007,1.1098161293931268
3MHz_ceiling_target,84.0,1.4840000000000009,1.1194110229550613
3MHz_ceiling_target,84.0,1.4860000000000007,1.129005916516995
3MHz_ceiling_target,84.0,1.4880000000000009,1.1386008100789295
3MHz_ceiling_target,84.0,1.4900000000000007,1.1481957036408623
3MHz_ceiling_target,84.0,1.4920000000000009,1.1577905972027978
3MHz_ceiling_target,84.0,1.4940000000000007,1.1673854907647305
3MHz_ceiling_target,84.0,1.4960000000000009,1.176980384326666
3MHz_ceiling_target,84.0,1.4980000000000007,1.1865752778885987
3MHz_ceiling_target,84.0,1.5000000000000009,1.1961701714505342
3MHz_ceiling_target,84.0,1.5020000000000007,1.205765065012467
3MHz_ceiling_target,84.0,1.504000000000001,1.2153599585744024
3MHz_ceiling_target,84.0,1.5060000000000007,1.2249548521363351
3MHz_ceiling_target,84.0,1.508000000000001,1.2345497456982706
3MHz_ceiling_target,84.0,1.5100000000000007,1.2441446392602034
3MHz_ceiling_target,84.0,1.512000000000001,1.253739532822138
3MHz_ceiling_target,84.0,1.5140000000000007,1.2633344263840716
3MHz_ceiling_target,84.0,1.516000000000001,1.272929319946006
3MHz_ceiling_target,84.0,1.5180000000000007,1.2825242135079398
3MHz_ceiling_target,84.0,1.520000000000001,1.2921191070698743
3MHz_ceiling_target,84.0,1.5220000000000007,1.301714000631807
3MHz_ceiling_target,84.0,1.524000000000001,1.3113088941937425
3MHz_ceiling_target,84.0,1.5260000000000007,1.3209037877556753
3MHz_ceiling_target,84.0,1.528000000000001,1.3304986813176107
3MHz_ceiling_target,84.0,1.5300000000000007,1.3400935748795435
3MHz_ceiling_target,84.0,1.532000000000001,1.349688468441479
3MHz_ceiling_target,84.0,1.5340000000000007,1.3592833620034117
3MHz_ceiling_target,84.0,1.536000000000001,1.3688782555653471
3MHz_ceiling_target,84.0,1.5380000000000007,1.37847314912728
3MHz_ceiling_target,84.0,1.540000000000001,1.3880680426892154
3MHz_ceiling_target,84.0,1.5420000000000007,1.3976629362511481
3MHz_ceiling_target,84.0,1.544000000000001,1.4072578298130827
3MHz_ceiling_target,84.0,1.5460000000000007,1.4168527233750163
3MHz_ceiling_target,84.0,1.548000000000001,1.4264476169369509
3MHz_ceiling_target,84.0,1.5500000000000007,1.4360425104988845
3MHz_ceiling_target,84.0,1.552000000000001,1.445637404060819
3MHz_ceiling_target,84.0,1.5540000000000007,1.4552322976227519
3MHz_ceiling_target,84.0,1.556000000000001,1.4648271911846873
3MHz_ceiling_target,84.0,1.5580000000000007,1.47442208474662
3MHz_ceiling_target,84.0,1.560000000000001,1.4840169783085555
3MHz_ceiling_target,84.0,1.5620000000000007,1.4936118718704883
3MHz_ceiling_target,84.0,1.564000000000001,1.5032067654324237
3MHz_ceiling_target,84.0,1.5660000000000007,1.5128016589943565
3MHz_ceiling_target,84.0,1.568000000000001,1.522396552556292
3MHz_ceiling_target,84.0,1.5700000000000007,1.5319914461182247
3MHz_ceiling_target,84.0,1.572000000000001,1.5415863396801601
3MHz_ceiling_target,84.0,1.5740000000000007,1.551181233242093
3MHz_ceiling_target,84.0,1.576000000000001,1.5607761268040274
3MHz_ceiling_target,84.0,1.5780000000000007,1.570371020365961
3MHz_ceiling_target,84.0,1.580000000000001,1.5799659139278956
3MHz_ceiling_target,84.0,1.5820000000000007,1.5895608074898293
3MHz_ceiling_target,84.0,1.584000000000001,1.5991557010517639
3MHz_ceiling_target,84.0,1.5860000000000007,1.6087505946136966
3MHz_ceiling_target,84.0,1.588000000000001,1.618345488175632
3MHz_ceiling_target,84.0,1.5900000000000007,1.6279403817375648
3MHz_ceiling_target,84.0,1.592000000000001,1.6375352752995003
3MHz_ceiling_target,84.0,1.5940000000000007,1.647130168861433
3MHz_ceiling_target,84.0,1.596000000000001,1.6567250624233685
3MHz_ceiling_target,84.0,1.5980000000000008,1.6663199559853012
3MHz_ceiling_target,84.0,1.600000000000001,1.6759148495472367
3MHz_ceiling_target,84.0,1.6020000000000008,1.6855097431091695
3MHz_ceiling_target,84.0,1.604000000000001,1.695104636671105
3MHz_ceiling_target,84.0,1.6060000000000008,1.7046995302330377
3MHz_ceiling_target,84.0,1.608000000000001,1.7142944237949722
3MHz_ceiling_target,84.0,1.6100000000000008,1.7238893173569059
3MHz_ceiling_target,84.0,1.612000000000001,1.7334842109188404
3MHz_ceiling_target,84.0,1.6140000000000008,1.743079104480774
3MHz_ceiling_target,84.0,1.616000000000001,1.7526739980427086
3MHz_ceiling_target,84.0,1.6180000000000008,1.7622688916046414
3MHz_ceiling_target,84.0,1.620000000000001,1.7718637851665768
3MHz_ceiling_target,84.0,1.6220000000000008,1.7814586787285096
3MHz_ceiling_target,84.0,1.624000000000001,1.791053572290445
3MHz_ceiling_target,84.0,1.6260000000000008,1.8006484658523778
3MHz_ceiling_target,84.0,1.628000000000001,1.8102433594143132
3MHz_ceiling_target,84.0,1.6300000000000008,1.819838252976246
3MHz_ceiling_target,84.0,1.632000000000001,1.8294331465381815
3MHz_ceiling_target,84.0,1.6340000000000008,1.8390280401001142
3MHz_ceiling_target,84.0,1.636000000000001,1.8486229336620497
3MHz_ceiling_target,84.0,1.6380000000000008,1.8582178272239824
3MHz_ceiling_target,84.0,1.640000000000001,1.867812720785917
3MHz_ceiling_target,84.0,1.6420000000000008,1.8774076143478506
3MHz_ceiling_target,84.0,1.644000000000001,1.8870025079097852
3MHz_ceiling_target,84.0,1.6460000000000008,1.8965974014717188
3MHz_ceiling_target,84.0,1.648000000000001,1.9061922950336534
3MHz_ceiling_target,84.0,1.6500000000000008,1.9157871885955862
3MHz_ceiling_target,84.0,1.652000000000001,1.9253820821575216
3MHz_ceiling_target,84.0,1.6540000000000008,1.9349769757194544
3MHz_ceiling_target,84.0,1.656000000000001,1.9445718692813898
3MHz_ceiling_target,84.0,1.6580000000000008,1.9541667628433226
3MHz_ceiling_target,84.0,1.660000000000001,1.963761656405258
3MHz_ceiling_target,84.0,1.6620000000000008,1.9733565499671908
3MHz_ceiling_target,84.0,1.664000000000001,1.9829514435291262
3MHz_ceiling_target,84.0,1.6660000000000008,1.992546337091059
3MHz_ceiling_target,84.0,1.668000000000001,2.0021412306529935
3MHz_ceiling_target,84.0,1.6700000000000008,2.011736124214927
3MHz_ceiling_target,84.0,1.672000000000001,2.0213310177768626
3MHz_ceiling_target,84.0,1.6740000000000008,2.0309259113387945
3MHz_ceiling_target,84.0,1.676000000000001,2.04052080490073
3MHz_ceiling_target,84.0,1.6780000000000008,2.0501156984626636
3MHz_ceiling_target,84.0,1.680000000000001,2.059710592024599
3MHz_ceiling_target,84.0,1.6820000000000008,2.069305485586531
3MHz_ceiling_target,84.0,1.684000000000001,2.0789003791484664
3MHz_ceiling_target,84.0,1.6860000000000008,2.0884952727104
3MHz_ceiling_target,84.0,1.688000000000001,2.0980901662723337
3MHz_ceiling_target,84.0,1.6900000000000008,2.1076850598342673
3MHz_ceiling_target,84.0,1.692000000000001,2.117279953396203
3MHz_ceiling_target,84.0,1.6940000000000008,2.1268748469581364
3MHz_ceiling_target,84.0,1.696000000000001,2.13646974052007
3MHz_ceiling_target,84.0,1.6980000000000008,2.1460646340820038
3MHz_ceiling_target,84.0,1.700000000000001,2.155659527643939
3MHz_ceiling_target,84.0,1.7020000000000008,2.165254421205871
3MHz_ceiling_target,84.0,1.704000000000001,2.1748493147678065
3MHz_ceiling_target,84.0,1.7060000000000008,2.18444420832974
3MHz_ceiling_target,84.0,1.708000000000001,2.1940391018916756
3MHz_ceiling_target,84.0,1.7100000000000009,2.2036339954536075
3MHz_ceiling_target,84.0,1.712000000000001,2.213228889015543
3MHz_ceiling_target,84.0,1.7140000000000009,2.2228237825774766
3MHz_ceiling_target,84.0,1.716000000000001,2.232418676139412
3MHz_ceiling_target,84.0,1.7180000000000009,2.242013569701344
3MHz_ceiling_target,84.0,1.720000000000001,2.2516084632632793
3MHz_ceiling_target,84.0,1.7220000000000009,2.261203356825213
3MHz_ceiling_target,84.0,1.724000000000001,2.2707982503871467
3MHz_ceiling_target,84.0,1.7260000000000009,2.2803931439490803
3MHz_ceiling_target,84.0,1.728000000000001,2.2899880375110158
3MHz_ceiling_target,84.0,1.7300000000000009,2.2995829310729476
3MHz_ceiling_target,84.0,1.732000000000001,2.309177824634883
3MHz_ceiling_target,84.0,1.7340000000000009,2.3187727181968167
3MHz_ceiling_target,84.0,1.736000000000001,2.328367611758752
3MHz_ceiling_target,84.0,1.7380000000000009,2.337962505320684
3MHz_ceiling_target,84.0,1.740000000000001,2.3475573988826195
3MHz_ceiling_target,84.0,1.7420000000000009,2.357152292444553
3MHz_ceiling_target,84.0,1.744000000000001,2.3667471860064886
3MHz_ceiling_target,84.0,1.7460000000000009,2.3763420795684205
3MHz_ceiling_target,84.0,1.748000000000001,2.385936973130356
3MHz_ceiling_target,84.0,1.7500000000000009,2.3955318666922896
3MHz_ceiling_target,84.0,1.7520000000000011,2.4051267602542232
3MHz_ceiling_target,84.0,1.754000000000001,2.414721653816157
3MHz_ceiling_target,84.0,1.7560000000000011,2.4243165473780923
3MHz_ceiling_target,84.0,1.758000000000001,2.433911440940026
3MHz_ceiling_target,84.0,1.7600000000000011,2.4435063345019596
3MHz_ceiling_target,84.0,1.762000000000001,2.4531012280638933
3MHz_ceiling_target,84.0,1.7640000000000011,2.4626961216258287
3MHz_ceiling_target,84.0,1.766000000000001,2.4722910151877606
3MHz_ceiling_target,84.0,1.7680000000000011,2.481885908749696
3MHz_ceiling_target,84.0,1.770000000000001,2.4914808023116297
3MHz_ceiling_target,84.0,1.7720000000000011,2.501075695873565
3MHz_ceiling_target,84.0,1.774000000000001,2.510670589435497
3MHz_ceiling_target,84.0,1.7760000000000011,2.5202654829974325
3MHz_ceiling_target,84.0,1.778000000000001,2.529860376559366
3MHz_ceiling_target,84.0,1.7800000000000011,2.5394552701213016
3MHz_ceiling_target,84.0,1.782000000000001,2.5490501636832334
3MHz_ceiling_target,84.0,1.7840000000000011,2.558645057245169
3MHz_ceiling_target,84.0,1.786000000000001,2.5682399508071025
3MHz_ceiling_target,84.0,1.7880000000000011,2.577834844369036
3MHz_ceiling_target,84.0,1.790000000000001,2.58742973793097
3MHz_ceiling_target,84.0,1.7920000000000011,2.5970246314929053
3MHz_ceiling_target,84.0,1.794000000000001,2.606619525054837
3MHz_ceiling_target,84.0,1.7960000000000012,2.6162144186167726
3MHz_ceiling_target,84.0,1.798000000000001,2.6258093121787063
3MHz_ceiling_target,84.0,1.8000000000000012,2.6354042057406417
5MHz_ceiling_target,140.0,0.6,2.878468068580212
5MHz_ceiling_target,140.0,0.602,2.8880629621421456
5MHz_ceiling_target,140.0,0.604,2.8976578557040797
5MHz_ceiling_target,140.0,0.606,2.907252749266014
5MHz_ceiling_target,140.0,0.608,2.916847642827948
5MHz_ceiling_target,140.0,0.61,2.926442536389882
5MHz_ceiling_target,140.0,0.612,2.936037429951816
5MHz_ceiling_target,140.0,0.614,2.9456323235137503
5MHz_ceiling_target,140.0,0.616,2.9552272170756844
5MHz_ceiling_target,140.0,0.618,2.964822110637618
5MHz_ceiling_target,140.0,0.62,2.974417004199552
5MHz_ceiling_target,140.0,0.622,2.9840118977614862
5MHz_ceiling_target,140.0,0.624,2.9936067913234203
5MHz_ceiling_target,140.0,0.626,3.0032016848853544
5MHz_ceiling_target,140.0,0.628,3.0127965784472885
5MHz_ceiling_target,140.0,0.63,3.0223914720092226
5MHz_ceiling_target,140.0,0.632,3.0319863655711567
5MHz_ceiling_target,140.0,0.634,3.0415812591330904
5MHz_ceiling_target,140.0,0.636,3.0511761526950245
5MHz_ceiling_target,140.0,0.638,3.0607710462569586
5MHz_ceiling_target,140.0,0.64,3.0703659398188927
5MHz_ceiling_target,140.0,0.642,3.079960833380827
5MHz_ceiling_target,140.0,0.644,3.089555726942761
5MHz_ceiling_target,140.0,0.646,3.099150620504695
5MHz_ceiling_target,140.0,0.648,3.108745514066629
5MHz_ceiling_target,140.0,0.65,3.118340407628563
5MHz_ceiling_target,140.0,0.652,3.127935301190497
5MHz_ceiling_target,140.0,0.654,3.137530194752431
5MHz_ceiling_target,140.0,0.656,3.147125088314365
5MHz_ceiling_target,140.0,0.658,3.156719981876299
5MHz_ceiling_target,140.0,0.66,3.1663148754382333
5MHz_ceiling_target,140.0,0.662,3.1759097690001674
5MHz_ceiling_target,140.0,0.664,3.1855046625621015
5MHz_ceiling_target,140.0,0.666,3.195099556124035
5MHz_ceiling_target,140.0,0.668,3.2046944496859693
5MHz_ceiling_target,140.0,0.67,3.2142893432479034
5MHz_ceiling_target,140.0,0.672,3.2238842368098375
5MHz_ceiling_target,140.0,0.674,3.2334791303717716
5MHz_ceiling_target,140.0,0.676,3.2430740239337057
5MHz_ceiling_target,140.0,0.678,3.25266891749564
5MHz_ceiling_target,140.0,0.68,3.262263811057574
5MHz_ceiling_target,140.0,0.682,3.2718587046195076
5MHz_ceiling_target,140.0,0.684,3.2814535981814417
5MHz_ceiling_target,140.0,0.686,3.2910484917433758
5MHz_ceiling_target,140.0,0.6880000000000001,3.30064338530531
5MHz_ceiling_target,140.0,0.6900000000000001,3.310238278867244
5MHz_ceiling_target,140.0,0.6920000000000001,3.319833172429178
5MHz_ceiling_target,140.0,0.6940000000000001,3.329428065991112
5MHz_ceiling_target,140.0,0.6960000000000001,3.3390229595530463
5MHz_ceiling_target,140.0,0.6980000000000001,3.34861785311498
5MHz_ceiling_target,140.0,0.7000000000000001,3.358212746676914
5MHz_ceiling_target,140.0,0.7020000000000001,3.367807640238848
5MHz_ceiling_target,140.0,0.7040000000000001,3.3774025338007823
5MHz_ceiling_target,140.0,0.7060000000000001,3.3869974273627164
5MHz_ceiling_target,140.0,0.7080000000000001,3.3965923209246505
5MHz_ceiling_target,140.0,0.7100000000000001,3.4061872144865846
5MHz_ceiling_target,140.0,0.7120000000000001,3.4157821080485187
5MHz_ceiling_target,140.0,0.7140000000000001,3.4253770016104523
5MHz_ceiling_target,140.0,0.7160000000000001,3.4349718951723864
5MHz_ceiling_target,140.0,0.7180000000000001,3.4445667887343205
5MHz_ceiling_target,140.0,0.7200000000000001,3.4541616822962546
5MHz_ceiling_target,140.0,0.7220000000000001,3.4637565758581887
5MHz_ceiling_target,140.0,0.7240000000000001,3.473351469420123
5MHz_ceiling_target,140.0,0.7260000000000001,3.482946362982057
5MHz_ceiling_target,140.0,0.7280000000000001,3.492541256543991
5MHz_ceiling_target,140.0,0.7300000000000001,3.5021361501059247
5MHz_ceiling_target,140.0,0.7320000000000001,3.511731043667859
5MHz_ceiling_target,140.0,0.7340000000000001,3.521325937229793
5MHz_ceiling_target,140.0,0.7360000000000001,3.530920830791727
5MHz_ceiling_target,140.0,0.7380000000000001,3.540515724353661
5MHz_ceiling_target,140.0,0.7400000000000001,3.5501106179155952
5MHz_ceiling_target,140.0,0.7420000000000001,3.5597055114775293
5MHz_ceiling_target,140.0,0.7440000000000001,3.5693004050394634
5MHz_ceiling_target,140.0,0.7460000000000001,3.578895298601397
5MHz_ceiling_target,140.0,0.7480000000000001,3.588490192163331
5MHz_ceiling_target,140.0,0.7500000000000001,3.5980850857252653
5MHz_ceiling_target,140.0,0.7520000000000001,3.6076799792871994
5MHz_ceiling_target,140.0,0.7540000000000001,3.6172748728491335
5MHz_ceiling_target,140.0,0.7560000000000001,3.6268697664110676
5MHz_ceiling_target,140.0,0.7580000000000001,3.6364646599730017
5MHz_ceiling_target,140.0,0.7600000000000001,3.646059553534936
5MHz_ceiling_target,140.0,0.7620000000000001,3.6556544470968695
5MHz_ceiling_target,140.0,0.7640000000000001,3.6652493406588036
5MHz_ceiling_target,140.0,0.7660000000000001,3.6748442342207377
5MHz_ceiling_target,140.0,0.7680000000000001,3.684439127782672
5MHz_ceiling_target,140.0,0.7700000000000001,3.694034021344606
5MHz_ceiling_target,140.0,0.7720000000000001,3.70362891490654
5MHz_ceiling_target,140.0,0.7740000000000001,3.713223808468474
5MHz_ceiling_target,140.0,0.7760000000000001,3.722818702030408
5MHz_ceiling_target,140.0,0.7780000000000001,3.732413595592342
5MHz_ceiling_target,140.0,0.7800000000000001,3.742008489154276
5MHz_ceiling_target,140.0,0.7820000000000001,3.75160338271621
5MHz_ceiling_target,140.0,0.7840000000000001,3.761198276278144
5MHz_ceiling_target,140.0,0.7860000000000001,3.7707931698400783
5MHz_ceiling_target,140.0,0.7880000000000001,3.7803880634020124
5MHz_ceiling_target,140.0,0.7900000000000001,3.7899829569639465
5MHz_ceiling_target,140.0,0.7920000000000001,3.7995778505258806
5MHz_ceiling_target,140.0,0.7940000000000002,3.8091727440878143
5MHz_ceiling_target,140.0,0.7960000000000002,3.8187676376497484
5MHz_ceiling_target,140.0,0.7980000000000002,3.8283625312116825
5MHz_ceiling_target,140.0,0.8000000000000002,3.8379574247736166
5MHz_ceiling_target,140.0,0.8020000000000002,3.8475523183355507
5MHz_ceiling_target,140.0,0.8040000000000002,3.8571472118974848
5MHz_ceiling_target,140.0,0.8060000000000002,3.866742105459419
5MHz_ceiling_target,140.0,0.8080000000000002,3.876336999021353
5MHz_ceiling_target,140.0,0.8100000000000002,3.8859318925832866
5MHz_ceiling_target,140.0,0.8120000000000002,3.8955267861452207
5MHz_ceiling_target,140.0,0.8140000000000002,3.905121679707155
5MHz_ceiling_target,140.0,0.8160000000000002,3.914716573269089
5MHz_ceiling_target,140.0,0.8180000000000002,3.924311466831023
5MHz_ceiling_target,140.0,0.8200000000000002,3.933906360392957
5MHz_ceiling_target,140.0,0.8220000000000002,3.9435012539548913
5MHz_ceiling_target,140.0,0.8240000000000002,3.9530961475168254
5MHz_ceiling_target,140.0,0.8260000000000002,3.962691041078759
5MHz_ceiling_target,140.0,0.8280000000000002,3.972285934640693
5MHz_ceiling_target,140.0,0.8300000000000002,3.9818808282026272
5MHz_ceiling_target,140.0,0.8320000000000002,3.9914757217645613
5MHz_ceiling_target,140.0,0.8340000000000002,4.001070615326495
5MHz_ceiling_target,140.0,0.8360000000000002,4.0106655088884295
5MHz_ceiling_target,140.0,0.8380000000000002,4.020260402450363
5MHz_ceiling_target,140.0,0.8400000000000002,4.029855296012298
5MHz_ceiling_target,140.0,0.8420000000000002,4.039450189574231
5MHz_ceiling_target,140.0,0.8440000000000002,4.049045083136166
5MHz_ceiling_target,140.0,0.8460000000000002,4.0586399766981
5MHz_ceiling_target,140.0,0.8480000000000002,4.068234870260034
5MHz_ceiling_target,140.0,0.8500000000000002,4.077829763821968
5MHz_ceiling_target,140.0,0.8520000000000002,4.0874246573839015
5MHz_ceiling_target,140.0,0.8540000000000002,4.097019550945836
5MHz_ceiling_target,140.0,0.8560000000000002,4.10661444450777
5MHz_ceiling_target,140.0,0.8580000000000002,4.116209338069704
5MHz_ceiling_target,140.0,0.8600000000000002,4.125804231631638
5MHz_ceiling_target,140.0,0.8620000000000002,4.1353991251935724
5MHz_ceiling_target,140.0,0.8640000000000002,4.144994018755506
5MHz_ceiling_target,140.0,0.8660000000000002,4.15458891231744
5MHz_ceiling_target,140.0,0.8680000000000002,4.164183805879374
5MHz_ceiling_target,140.0,0.8700000000000002,4.173778699441308
5MHz_ceiling_target,140.0,0.8720000000000002,4.1833735930032425
5MHz_ceiling_target,140.0,0.8740000000000002,4.192968486565176
5MHz_ceiling_target,140.0,0.8760000000000002,4.202563380127111
5MHz_ceiling_target,140.0,0.8780000000000002,4.212158273689044
5MHz_ceiling_target,140.0,0.8800000000000002,4.221753167250979
5MHz_ceiling_target,140.0,0.8820000000000002,4.231348060812913
5MHz_ceiling_target,140.0,0.8840000000000002,4.240942954374846
5MHz_ceiling_target,140.0,0.8860000000000002,4.250537847936781
5MHz_ceiling_target,140.0,0.8880000000000002,4.2601327414987145
5MHz_ceiling_target,140.0,0.8900000000000002,4.269727635060649
5MHz_ceiling_target,140.0,0.8920000000000002,4.279322528622583
5MHz_ceiling_target,140.0,0.8940000000000002,4.288917422184517
5MHz_ceiling_target,140.0,0.8960000000000002,4.298512315746451
5MHz_ceiling_target,140.0,0.8980000000000002,4.3081072093083845
5MHz_ceiling_target,140.0,0.9000000000000002,4.317702102870319
5MHz_ceiling_target,140.0,0.9020000000000002,4.327296996432253
5MHz_ceiling_target,140.0,0.9040000000000002,4.336891889994187
5MHz_ceiling_target,140.0,0.9060000000000002,4.346486783556121
5MHz_ceiling_target,140.0,0.9080000000000003,4.3560816771180555
5MHz_ceiling_target,140.0,0.9100000000000003,4.365676570679989
5MHz_ceiling_target,140.0,0.9120000000000003,4.375271464241924
5MHz_ceiling_target,140.0,0.9140000000000003,4.384866357803857
5MHz_ceiling_target,140.0,0.9160000000000003,4.394461251365791
5MHz_ceiling_target,140.0,0.9180000000000003,4.404056144927726
5MHz_ceiling_target,140.0,0.9200000000000003,4.413651038489659
5MHz_ceiling_target,140.0,0.9220000000000003,4.423245932051594
5MHz_ceiling_target,140.0,0.9240000000000003,4.432840825613527
5MHz_ceiling_target,140.0,0.9260000000000003,4.442435719175462
5MHz_ceiling_target,140.0,0.9280000000000003,4.452030612737396
5MHz_ceiling_target,140.0,0.9300000000000003,4.461625506299329
5MHz_ceiling_target,140.0,0.9320000000000003,4.471220399861264
5MHz_ceiling_target,140.0,0.9340000000000003,4.4808152934231975
5MHz_ceiling_target,140.0,0.9360000000000003,4.490410186985132
5MHz_ceiling_target,140.0,0.9380000000000003,4.500005080547066
5MHz_ceiling_target,140.0,0.9400000000000003,4.509599974109
5MHz_ceiling_target,140.0,0.9420000000000003,4.519194867670934
5MHz_ceiling_target,140.0,0.9440000000000003,4.5287897612328685
5MHz_ceiling_target,140.0,0.9460000000000003,4.538384654794802
5MHz_ceiling_target,140.0,0.9480000000000003,4.547979548356736
5MHz_ceiling_target,140.0,0.9500000000000003,4.55757444191867
5MHz_ceiling_target,140.0,0.9520000000000003,4.567169335480604
5MHz_ceiling_target,140.0,0.9540000000000003,4.5767642290425385
5MHz_ceiling_target,140.0,0.9560000000000003,4.586359122604472
5MHz_ceiling_target,140.0,0.9580000000000003,4.595954016166407
5MHz_ceiling_target,140.0,0.9600000000000003,4.60554890972834
5MHz_ceiling_target,140.0,0.9620000000000003,4.615143803290274
5MHz_ceiling_target,140.0,0.9640000000000003,4.624738696852209
5MHz_ceiling_target,140.0,0.9660000000000003,4.634333590414142
5MHz_ceiling_target,140.0,0.9680000000000003,4.643928483976077
5MHz_ceiling_target,140.0,0.9700000000000003,4.6535233775380105
5MHz_ceiling_target,140.0,0.9720000000000003,4.663118271099945
5MHz_ceiling_target,140.0,0.9740000000000003,4.672713164661879
5MHz_ceiling_target,140.0,0.9760000000000003,4.682308058223813
5MHz_ceiling_target,140.0,0.9780000000000003,4.691902951785747
5MHz_ceiling_target,140.0,0.9800000000000003,4.701497845347681
5MHz_ceiling_target,140.0,0.9820000000000003,4.711092738909615
5MHz_ceiling_target,140.0,0.9840000000000003,4.720687632471549
5MHz_ceiling_target,140.0,0.9860000000000003,4.730282526033483
5MHz_ceiling_target,140.0,0.9880000000000003,4.739877419595417
5MHz_ceiling_target,140.0,0.9900000000000003,4.7494723131573515
5MHz_ceiling_target,140.0,0.9920000000000003,4.759067206719285
5MHz_ceiling_target,140.0,0.9940000000000003,4.768662100281219
5MHz_ceiling_target,140.0,0.9960000000000003,4.778256993843153
5MHz_ceiling_target,140.0,0.9980000000000003,4.787851887405087
5MHz_ceiling_target,140.0,1.0000000000000004,4.797446780967022
5MHz_ceiling_target,140.0,1.0020000000000002,4.807041674528955
5MHz_ceiling_target,140.0,1.0040000000000004,4.81663656809089
5MHz_ceiling_target,140.0,1.0060000000000002,4.8262314616528235
5MHz_ceiling_target,140.0,1.0080000000000005,4.835826355214758
5MHz_ceiling_target,140.0,1.0100000000000002,4.845421248776691
5MHz_ceiling_target,140.0,1.0120000000000005,4.855016142338626
5MHz_ceiling_target,140.0,1.0140000000000002,4.864611035900559
5MHz_ceiling_target,140.0,1.0160000000000005,4.874205929462494
5MHz_ceiling_target,140.0,1.0180000000000002,4.883800823024427
5MHz_ceiling_target,140.0,1.0200000000000005,4.893395716586363
5MHz_ceiling_target,140.0,1.0220000000000002,4.902990610148295
5MHz_ceiling_target,140.0,1.0240000000000005,4.912585503710231
5MHz_ceiling_target,140.0,1.0260000000000002,4.922180397272164
5MHz_ceiling_target,140.0,1.0280000000000005,4.931775290834099
5MHz_ceiling_target,140.0,1.0300000000000002,4.941370184396032
5MHz_ceiling_target,140.0,1.0320000000000005,4.950965077957966
5MHz_ceiling_target,140.0,1.0340000000000003,4.9605599715199
5MHz_ceiling_target,140.0,1.0360000000000005,4.970154865081835
5MHz_ceiling_target,140.0,1.0380000000000003,4.979749758643768
5MHz_ceiling_target,140.0,1.0400000000000005,4.989344652205703
5MHz_ceiling_target,140.0,1.0420000000000003,4.9989395457676356
5MHz_ceiling_target,140.0,1.0440000000000005,4.991465560670429
5MHz_ceiling_target,140.0,1.0460000000000003,4.981870667108496
5MHz_ceiling_target,140.0,1.0480000000000005,4.972275773546561
5MHz_ceiling_target,140.0,1.0500000000000003,4.962680879984628
5MHz_ceiling_target,140.0,1.0520000000000005,4.953085986422693
5MHz_ceiling_target,140.0,1.0540000000000003,4.94349109286076
5MHz_ceiling_target,140.0,1.0560000000000005,4.933896199298824
5MHz_ceiling_target,140.0,1.0580000000000003,4.924301305736892
5MHz_ceiling_target,140.0,1.0600000000000005,4.914706412174956
5MHz_ceiling_target,140.0,1.0620000000000003,4.905111518613023
5MHz_ceiling_target,140.0,1.0640000000000005,4.895516625051089
5MHz_ceiling_target,140.0,1.0660000000000003,4.885921731489155
5MHz_ceiling_target,140.0,1.0680000000000005,4.876326837927221
5MHz_ceiling_target,140.0,1.0700000000000003,4.866731944365287
5MHz_ceiling_target,140.0,1.0720000000000005,4.8571370508033525
5MHz_ceiling_target,140.0,1.0740000000000003,4.84754215724142
5MHz_ceiling_target,140.0,1.0760000000000005,4.837947263679484
5MHz_ceiling_target,140.0,1.0780000000000003,4.8283523701175515
5MHz_ceiling_target,140.0,1.0800000000000005,4.818757476555616
5MHz_ceiling_target,140.0,1.0820000000000003,4.809162582993683
5MHz_ceiling_target,140.0,1.0840000000000005,4.799567689431748
5MHz_ceiling_target,140.0,1.0860000000000003,4.789972795869815
5MHz_ceiling_target,140.0,1.0880000000000005,4.78037790230788
5MHz_ceiling_target,140.0,1.0900000000000003,4.770783008745947
5MHz_ceiling_target,140.0,1.0920000000000005,4.761188115184011
5MHz_ceiling_target,140.0,1.0940000000000003,4.751593221622079
5MHz_ceiling_target,140.0,1.0960000000000005,4.741998328060144
5MHz_ceiling_target,140.0,1.0980000000000003,4.73240343449821
5MHz_ceiling_target,140.0,1.1000000000000005,4.722808540936276
5MHz_ceiling_target,140.0,1.1020000000000003,4.713213647374342
5MHz_ceiling_target,140.0,1.1040000000000005,4.703618753812408
5MHz_ceiling_target,140.0,1.1060000000000003,4.694023860250475
5MHz_ceiling_target,140.0,1.1080000000000005,4.6844289666885395
5MHz_ceiling_target,140.0,1.1100000000000003,4.674834073126607
5MHz_ceiling_target,140.0,1.1120000000000005,4.665239179564671
5MHz_ceiling_target,140.0,1.1140000000000003,4.6556442860027385
5MHz_ceiling_target,140.0,1.1160000000000005,4.646049392440803
5MHz_ceiling_target,140.0,1.1180000000000003,4.63645449887887
5MHz_ceiling_target,140.0,1.1200000000000006,4.626859605316935
5MHz_ceiling_target,140.0,1.1220000000000003,4.617264711755002
5MHz_ceiling_target,140.0,1.1240000000000006,4.607669818193067
5MHz_ceiling_target,140.0,1.1260000000000003,4.598074924631134
5MHz_ceiling_target,140.0,1.1280000000000006,4.588480031069199
5MHz_ceiling_target,140.0,1.1300000000000003,4.578885137507266
5MHz_ceiling_target,140.0,1.1320000000000006,4.569290243945331
5MHz_ceiling_target,140.0,1.1340000000000003,4.5596953503833975
5MHz_ceiling_target,140.0,1.1360000000000006,4.550100456821463
5MHz_ceiling_target,140.0,1.1380000000000003,4.54050556325953
5MHz_ceiling_target,140.0,1.1400000000000006,4.530910669697595
5MHz_ceiling_target,140.0,1.1420000000000003,4.521315776135662
5MHz_ceiling_target,140.0,1.1440000000000006,4.5117208825737265
5MHz_ceiling_target,140.0,1.1460000000000004,4.502125989011794
5MHz_ceiling_target,140.0,1.1480000000000006,4.492531095449858
5MHz_ceiling_target,140.0,1.1500000000000004,4.4829362018879255
5MHz_ceiling_target,140.0,1.1520000000000006,4.47334130832599
5MHz_ceiling_target,140.0,1.1540000000000004,4.463746414764057
5MHz_ceiling_target,140.0,1.1560000000000006,4.454151521202122
5MHz_ceiling_target,140.0,1.1580000000000004,4.444556627640189
5MHz_ceiling_target,140.0,1.1600000000000006,4.434961734078255
5MHz_ceiling_target,140.0,1.1620000000000004,4.425366840516321
5MHz_ceiling_target,140.0,1.1640000000000006,4.415771946954386
5MHz_ceiling_target,140.0,1.1660000000000004,4.406177053392453
5MHz_ceiling_target,140.0,1.1680000000000006,4.396582159830518
5MHz_ceiling_target,140.0,1.1700000000000004,4.386987266268585
5MHz_ceiling_target,140.0,1.1720000000000006,4.37739237270665
5MHz_ceiling_target,140.0,1.1740000000000004,4.367797479144717
5MHz_ceiling_target,140.0,1.1760000000000006,4.358202585582782
5MHz_ceiling_target,140.0,1.1780000000000004,4.348607692020849
5MHz_ceiling_target,140.0,1.1800000000000006,4.3390127984589135
5MHz_ceiling_target,140.0,1.1820000000000004,4.329417904896981
5MHz_ceiling_target,140.0,1.1840000000000006,4.319823011335045
5MHz_ceiling_target,140.0,1.1860000000000004,4.3102281177731125
5MHz_ceiling_target,140.0,1.1880000000000006,4.300633224211177
5MHz_ceiling_target,140.0,1.1900000000000004,4.291038330649244
5MHz_ceiling_target,140.0,1.1920000000000006,4.28144343708731
5MHz_ceiling_target,140.0,1.1940000000000004,4.271848543525376
5MHz_ceiling_target,140.0,1.1960000000000006,4.262253649963442
5MHz_ceiling_target,140.0,1.1980000000000004,4.252658756401508
5MHz_ceiling_target,140.0,1.2000000000000006,4.243063862839573
5MHz_ceiling_target,140.0,1.2020000000000004,4.233468969277641
5MHz_ceiling_target,140.0,1.2040000000000006,4.223874075715705
5MHz_ceiling_target,140.0,1.2060000000000004,4.214279182153772
5MHz_ceiling_target,140.0,1.2080000000000006,4.204684288591837
5MHz_ceiling_target,140.0,1.2100000000000004,4.195089395029904
5MHz_ceiling_target,140.0,1.2120000000000006,4.185494501467969
5MHz_ceiling_target,140.0,1.2140000000000004,4.175899607906036
5MHz_ceiling_target,140.0,1.2160000000000006,4.1663047143441005
5MHz_ceiling_target,140.0,1.2180000000000004,4.156709820782168
5MHz_ceiling_target,140.0,1.2200000000000006,4.147114927220232
5MHz_ceiling_target,140.0,1.2220000000000004,4.1375200336583
5MHz_ceiling_target,140.0,1.2240000000000006,4.127925140096365
5MHz_ceiling_target,140.0,1.2260000000000004,4.118330246534431
5MHz_ceiling_target,140.0,1.2280000000000006,4.108735352972497
5MHz_ceiling_target,140.0,1.2300000000000004,4.099140459410563
5MHz_ceiling_target,140.0,1.2320000000000007,4.089545565848629
5MHz_ceiling_target,140.0,1.2340000000000004,4.079950672286696
5MHz_ceiling_target,140.0,1.2360000000000007,4.07035577872476
5MHz_ceiling_target,140.0,1.2380000000000004,4.060760885162828
5MHz_ceiling_target,140.0,1.2400000000000007,4.051165991600892
5MHz_ceiling_target,140.0,1.2420000000000004,4.041571098038959
5MHz_ceiling_target,140.0,1.2440000000000007,4.031976204477024
5MHz_ceiling_target,140.0,1.2460000000000004,4.022381310915091
5MHz_ceiling_target,140.0,1.2480000000000007,4.012786417353156
5MHz_ceiling_target,140.0,1.2500000000000004,4.003191523791223
5MHz_ceiling_target,140.0,1.2520000000000007,3.9935966302292876
5MHz_ceiling_target,140.0,1.2540000000000004,3.984001736667355
5MHz_ceiling_target,140.0,1.2560000000000007,3.9744068431054203
5MHz_ceiling_target,140.0,1.2580000000000005,3.9648119495434866
5MHz_ceiling_target,140.0,1.2600000000000007,3.955217055981552
5MHz_ceiling_target,140.0,1.2620000000000005,3.9456221624196184
5MHz_ceiling_target,140.0,1.2640000000000007,3.936027268857684
5MHz_ceiling_target,140.0,1.2660000000000005,3.926432375295751
5MHz_ceiling_target,140.0,1.2680000000000007,3.9168374817338156
5MHz_ceiling_target,140.0,1.2700000000000005,3.907242588171883
5MHz_ceiling_target,140.0,1.2720000000000007,3.8976476946099474
5MHz_ceiling_target,140.0,1.2740000000000005,3.8880528010480147
5MHz_ceiling_target,140.0,1.2760000000000007,3.878457907486079
5MHz_ceiling_target,140.0,1.2780000000000005,3.8688630139241464
5MHz_ceiling_target,140.0,1.2800000000000007,3.859268120362211
5MHz_ceiling_target,140.0,1.2820000000000005,3.8496732268002782
5MHz_ceiling_target,140.0,1.2840000000000007,3.840078333238343
5MHz_ceiling_target,140.0,1.2860000000000005,3.83048343967641
5MHz_ceiling_target,140.0,1.2880000000000007,3.8208885461144755
5MHz_ceiling_target,140.0,1.2900000000000005,3.811293652552542
5MHz_ceiling_target,140.0,1.2920000000000007,3.8016987589906073
5MHz_ceiling_target,140.0,1.2940000000000005,3.7921038654286736
5MHz_ceiling_target,140.0,1.2960000000000007,3.782508971866739
5MHz_ceiling_target,140.0,1.2980000000000005,3.7729140783048063
5MHz_ceiling_target,140.0,1.3000000000000007,3.763319184742871
5MHz_ceiling_target,140.0,1.3020000000000005,3.753724291180938
5MHz_ceiling_target,140.0,1.3040000000000007,3.7441293976190027
5MHz_ceiling_target,140.0,1.3060000000000005,3.73453450405707
5MHz_ceiling_target,140.0,1.3080000000000007,3.7249396104951344
5MHz_ceiling_target,140.0,1.3100000000000005,3.7153447169332017
5MHz_ceiling_target,140.0,1.3120000000000007,3.7057498233712662
5MHz_ceiling_target,140.0,1.3140000000000005,3.6961549298093335
5MHz_ceiling_target,140.0,1.3160000000000007,3.686560036247398
5MHz_ceiling_target,140.0,1.3180000000000005,3.6769651426854653
5MHz_ceiling_target,140.0,1.3200000000000007,3.6673702491235307
5MHz_ceiling_target,140.0,1.3220000000000005,3.657775355561597
5MHz_ceiling_target,140.0,1.3240000000000007,3.6481804619996625
5MHz_ceiling_target,140.0,1.3260000000000005,3.638585568437729
5MHz_ceiling_target,140.0,1.3280000000000007,3.6289906748757943
5MHz_ceiling_target,140.0,1.3300000000000005,3.6193957813138615
5MHz_ceiling_target,140.0,1.3320000000000007,3.609800887751926
5MHz_ceiling_target,140.0,1.3340000000000005,3.6002059941899933
5MHz_ceiling_target,140.0,1.3360000000000007,3.590611100628058
5MHz_ceiling_target,140.0,1.3380000000000005,3.581016207066125
5MHz_ceiling_target,140.0,1.3400000000000007,3.5714213135041897
5MHz_ceiling_target,140.0,1.3420000000000005,3.561826419942257
5MHz_ceiling_target,140.0,1.3440000000000007,3.5522315263803215
5MHz_ceiling_target,140.0,1.3460000000000005,3.5426366328183887
5MHz_ceiling_target,140.0,1.3480000000000008,3.5330417392564533
5MHz_ceiling_target,140.0,1.3500000000000005,3.5234468456945205
5MHz_ceiling_target,140.0,1.3520000000000008,3.513851952132586
5MHz_ceiling_target,140.0,1.3540000000000005,3.5042570585706523
5MHz_ceiling_target,140.0,1.3560000000000008,3.4946621650087177
5MHz_ceiling_target,140.0,1.3580000000000005,3.485067271446784
5MHz_ceiling_target,140.0,1.3600000000000008,3.4754723778848495
5MHz_ceiling_target,140.0,1.3620000000000005,3.4658774843229168
5MHz_ceiling_target,140.0,1.3640000000000008,3.4562825907609813
5MHz_ceiling_target,140.0,1.3660000000000005,3.4466876971990486
5MHz_ceiling_target,140.0,1.3680000000000008,3.437092803637113
5MHz_ceiling_target,140.0,1.3700000000000006,3.4274979100751803
5MHz_ceiling_target,140.0,1.3720000000000008,3.417903016513245
5MHz_ceiling_target,140.0,1.3740000000000006,3.408308122951312
5MHz_ceiling_target,140.0,1.3760000000000008,3.3987132293893767
5MHz_ceiling_target,140.0,1.3780000000000006,3.389118335827444
5MHz_ceiling_target,140.0,1.3800000000000008,3.3795234422655085
5MHz_ceiling_target,140.0,1.3820000000000006,3.3699285487035757
5MHz_ceiling_target,140.0,1.3840000000000008,3.360333655141641
5MHz_ceiling_target,140.0,1.3860000000000006,3.3507387615797075
5MHz_ceiling_target,140.0,1.3880000000000008,3.341143868017773
5MHz_ceiling_target,140.0,1.3900000000000006,3.3315489744558393
5MHz_ceiling_target,140.0,1.3920000000000008,3.3219540808939048
5MHz_ceiling_target,140.0,1.3940000000000006,3.312359187331972
5MHz_ceiling_target,140.0,1.3960000000000008,3.3027642937700366
5MHz_ceiling_target,140.0,1.3980000000000006,3.293169400208104
5MHz_ceiling_target,140.0,1.4000000000000008,3.2835745066461683
5MHz_ceiling_target,140.0,1.4020000000000006,3.2739796130842356
5MHz_ceiling_target,140.0,1.4040000000000008,3.2643847195223
5MHz_ceiling_target,140.0,1.4060000000000006,3.2547898259603674
5MHz_ceiling_target,140.0,1.4080000000000008,3.245194932398432
5MHz_ceiling_target,140.0,1.4100000000000006,3.235600038836499
5MHz_ceiling_target,140.0,1.4120000000000008,3.2260051452745637
5MHz_ceiling_target,140.0,1.4140000000000006,3.216410251712631
5MHz_ceiling_target,140.0,1.4160000000000008,3.2068153581506964
5MHz_ceiling_target,140.0,1.4180000000000006,3.1972204645887627
5MHz_ceiling_target,140.0,1.4200000000000008,3.187625571026828
5MHz_ceiling_target,140.0,1.4220000000000006,3.1780306774648945
5MHz_ceiling_target,140.0,1.4240000000000008,3.16843578390296
5MHz_ceiling_target,140.0,1.4260000000000006,3.158840890341027
5MHz_ceiling_target,140.0,1.4280000000000008,3.149245996779092
5MHz_ceiling_target,140.0,1.4300000000000006,3.139651103217159
5MHz_ceiling_target,140.0,1.4320000000000008,3.1300562096552236
5MHz_ceiling_target,140.0,1.4340000000000006,3.120461316093291
5MHz_ceiling_target,140.0,1.4360000000000008,3.1108664225313554
5MHz_ceiling_target,140.0,1.4380000000000006,3.1012715289694226
5MHz_ceiling_target,140.0,1.4400000000000008,3.091676635407487
5MHz_ceiling_target,140.0,1.4420000000000006,3.0820817418455544
5MHz_ceiling_target,140.0,1.4440000000000008,3.072486848283619
5MHz_ceiling_target,140.0,1.4460000000000006,3.062891954721686
5MHz_ceiling_target,140.0,1.4480000000000008,3.0532970611597516
5MHz_ceiling_target,140.0,1.4500000000000006,3.043702167597818
5MHz_ceiling_target,140.0,1.4520000000000008,3.0341072740358834
5MHz_ceiling_target,140.0,1.4540000000000006,3.0245123804739498
5MHz_ceiling_target,140.0,1.4560000000000008,3.014917486912015
5MHz_ceiling_target,140.0,1.4580000000000006,3.0053225933500824
5MHz_ceiling_target,140.0,1.4600000000000009,2.995727699788147
5MHz_ceiling_target,140.0,1.4620000000000006,2.9861328062262142
5MHz_ceiling_target,140.0,1.4640000000000009,2.976537912664279
5MHz_ceiling_target,140.0,1.4660000000000006,2.966943019102346
5MHz_ceiling_target,140.0,1.4680000000000009,2.9573481255404106
5MHz_ceiling_target,140.0,1.4700000000000006,2.947753231978478
5MHz_ceiling_target,140.0,1.4720000000000009,2.9381583384165424
5MHz_ceiling_target,140.0,1.4740000000000006,2.9285634448546096
5MHz_ceiling_target,140.0,1.4760000000000009,2.918968551292674
5MHz_ceiling_target,140.0,1.4780000000000006,2.9093736577307414
5MHz_ceiling_target,140.0,1.4800000000000009,2.899778764168807
5MHz_ceiling_target,140.0,1.4820000000000007,2.890183870606873
5MHz_ceiling_target,140.0,1.4840000000000009,2.8805889770449387
5MHz_ceiling_target,140.0,1.4860000000000007,2.870994083483005
5MHz_ceiling_target,140.0,1.4880000000000009,2.8613991899210705
5MHz_ceiling_target,140.0,1.4900000000000007,2.8518042963591377
5MHz_ceiling_target,140.0,1.4920000000000009,2.8422094027972022
5MHz_ceiling_target,140.0,1.4940000000000007,2.8326145092352695
5MHz_ceiling_target,140.0,1.4960000000000009,2.823019615673334
5MHz_ceiling_target,140.0,1.4980000000000007,2.8134247221114013
5MHz_ceiling_target,140.0,1.5000000000000009,2.803829828549466
5MHz_ceiling_target,140.0,1.5020000000000007,2.794234934987533
5MHz_ceiling_target,140.0,1.504000000000001,2.7846400414255976
5MHz_ceiling_target,140.0,1.5060000000000007,2.775045147863665
5MHz_ceiling_target,140.0,1.508000000000001,2.7654502543017294
5MHz_ceiling_target,140.0,1.5100000000000007,2.7558553607397966
5MHz_ceiling_target,140.0,1.512000000000001,2.746260467177862
5MHz_ceiling_target,140.0,1.5140000000000007,2.7366655736159284
5MHz_ceiling_target,140.0,1.516000000000001,2.727070680053994
5MHz_ceiling_target,140.0,1.5180000000000007,2.7174757864920602
5MHz_ceiling_target,140.0,1.520000000000001,2.7078808929301257
5MHz_ceiling_target,140.0,1.5220000000000007,2.698285999368193
5MHz_ceiling_target,140.0,1.524000000000001,2.6886911058062575
5MHz_ceiling_target,140.0,1.5260000000000007,2.6790962122443247
5MHz_ceiling_target,140.0,1.528000000000001,2.6695013186823893
5MHz_ceiling_target,140.0,1.5300000000000007,2.6599064251204565
5MHz_ceiling_target,140.0,1.532000000000001,2.650311531558521
5MHz_ceiling_target,140.0,1.5340000000000007,2.6407166379965883
5MHz_ceiling_target,140.0,1.536000000000001,2.631121744434653
5MHz_ceiling_target,140.0,1.5380000000000007,2.62152685087272
5MHz_ceiling_target,140.0,1.540000000000001,2.6119319573107846
5MHz_ceiling_target,140.0,1.5420000000000007,2.602337063748852
5MHz_ceiling_target,140.0,1.544000000000001,2.5927421701869173
5MHz_ceiling_target,140.0,1.5460000000000007,2.5831472766249837
5MHz_ceiling_target,140.0,1.548000000000001,2.573552383063049
5MHz_ceiling_target,140.0,1.5500000000000007,2.5639574895011155
5MHz_ceiling_target,140.0,1.552000000000001,2.554362595939181
5MHz_ceiling_target,140.0,1.5540000000000007,2.544767702377248
5MHz_ceiling_target,140.0,1.556000000000001,2.5351728088153127
5MHz_ceiling_target,140.0,1.5580000000000007,2.52557791525338
5MHz_ceiling_target,140.0,1.560000000000001,2.5159830216914445
5MHz_ceiling_target,140.0,1.5620000000000007,2.5063881281295117
5MHz_ceiling_target,140.0,1.564000000000001,2.4967932345675763
5MHz_ceiling_target,140.0,1.5660000000000007,2.4871983410056435
5MHz_ceiling_target,140.0,1.568000000000001,2.477603447443708
5MHz_ceiling_target,140.0,1.5700000000000007,2.4680085538817753
5MHz_ceiling_target,140.0,1.572000000000001,2.45841366031984
5MHz_ceiling_target,140.0,1.5740000000000007,2.448818766757907
5MHz_ceiling_target,140.0,1.576000000000001,2.4392238731959726
5MHz_ceiling_target,140.0,1.5780000000000007,2.429628979634039
5MHz_ceiling_target,140.0,1.580000000000001,2.4200340860721044
5MHz_ceiling_target,140.0,1.5820000000000007,2.4104391925101707
5MHz_ceiling_target,140.0,1.584000000000001,2.400844298948236
5MHz_ceiling_target,140.0,1.5860000000000007,2.3912494053863034
5MHz_ceiling_target,140.0,1.588000000000001,2.381654511824368
5MHz_ceiling_target,140.0,1.5900000000000007,2.372059618262435
5MHz_ceiling_target,140.0,1.592000000000001,2.3624647247004997
5MHz_ceiling_target,140.0,1.5940000000000007,2.352869831138567
5MHz_ceiling_target,140.0,1.596000000000001,2.3432749375766315
5MHz_ceiling_target,140.0,1.5980000000000008,2.3336800440146988
5MHz_ceiling_target,140.0,1.600000000000001,2.3240851504527633
5MHz_ceiling_target,140.0,1.6020000000000008,2.3144902568908305
5MHz_ceiling_target,140.0,1.604000000000001,2.304895363328895
5MHz_ceiling_target,140.0,1.6060000000000008,2.2953004697669623
5MHz_ceiling_target,140.0,1.608000000000001,2.285705576205028
5MHz_ceiling_target,140.0,1.6100000000000008,2.276110682643094
5MHz_ceiling_target,140.0,1.612000000000001,2.2665157890811596
5MHz_ceiling_target,140.0,1.6140000000000008,2.256920895519226
5MHz_ceiling_target,140.0,1.616000000000001,2.2473260019572914
5MHz_ceiling_target,140.0,1.6180000000000008,2.2377311083953586
5MHz_ceiling_target,140.0,1.620000000000001,2.228136214833423
5MHz_ceiling_target,140.0,1.6220000000000008,2.2185413212714904
5MHz_ceiling_target,140.0,1.624000000000001,2.208946427709555
5MHz_ceiling_target,140.0,1.6260000000000008,2.199351534147622
5MHz_ceiling_target,140.0,1.628000000000001,2.1897566405856868
5MHz_ceiling_target,140.0,1.6300000000000008,2.180161747023754
5MHz_ceiling_target,140.0,1.632000000000001,2.1705668534618185
5MHz_ceiling_target,140.0,1.6340000000000008,2.1609719598998858
5MHz_ceiling_target,140.0,1.636000000000001,2.1513770663379503
5MHz_ceiling_target,140.0,1.6380000000000008,2.1417821727760176
5MHz_ceiling_target,140.0,1.640000000000001,2.132187279214083
5MHz_ceiling_target,140.0,1.6420000000000008,2.1225923856521494
5MHz_ceiling_target,140.0,1.644000000000001,2.112997492090215
5MHz_ceiling_target,140.0,1.6460000000000008,2.103402598528281
5MHz_ceiling_target,140.0,1.648000000000001,2.0938077049663466
5MHz_ceiling_target,140.0,1.6500000000000008,2.084212811404414
5MHz_ceiling_target,140.0,1.652000000000001,2.0746179178424784
5MHz_ceiling_target,140.0,1.6540000000000008,2.0650230242805456
5MHz_ceiling_target,140.0,1.656000000000001,2.05542813071861
5MHz_ceiling_target,140.0,1.6580000000000008,2.0458332371566774
5MHz_ceiling_target,140.0,1.660000000000001,2.036238343594742
5MHz_ceiling_target,140.0,1.6620000000000008,2.026643450032809
5MHz_ceiling_target,140.0,1.664000000000001,2.0170485564708738
5MHz_ceiling_target,140.0,1.6660000000000008,2.007453662908941
5MHz_ceiling_target,140.0,1.668000000000001,1.9978587693470065
5MHz_ceiling_target,140.0,1.6700000000000008,1.9882638757850728
5MHz_ceiling_target,140.0,1.672000000000001,1.9786689822231374
5MHz_ceiling_target,140.0,1.6740000000000008,1.9690740886612055
5MHz_ceiling_target,140.0,1.676000000000001,1.95947919509927
5MHz_ceiling_target,140.0,1.6780000000000008,1.9498843015373364
5MHz_ceiling_target,140.0,1.680000000000001,1.940289407975401
5MHz_ceiling_target,140.0,1.6820000000000008,1.930694514413469
5MHz_ceiling_target,140.0,1.684000000000001,1.9210996208515336
5MHz_ceiling_target,140.0,1.6860000000000008,1.9115047272896
5MHz_ceiling_target,140.0,1.688000000000001,1.9019098337276663
5MHz_ceiling_target,140.0,1.6900000000000008,1.8923149401657327
5MHz_ceiling_target,140.0,1.692000000000001,1.8827200466037972
5MHz_ceiling_target,140.0,1.6940000000000008,1.8731251530418636
5MHz_ceiling_target,140.0,1.696000000000001,1.86353025947993
5MHz_ceiling_target,140.0,1.6980000000000008,1.8539353659179962
5MHz_ceiling_target,140.0,1.700000000000001,1.8443404723560608
5MHz_ceiling_target,140.0,1.7020000000000008,1.834745578794129
5MHz_ceiling_target,140.0,1.704000000000001,1.8251506852321935
5MHz_ceiling_target,140.0,1.7060000000000008,1.8155557916702598
5MHz_ceiling_target,140.0,1.708000000000001,1.8059608981083244
5MHz_ceiling_target,140.0,1.7100000000000009,1.7963660045463925
5MHz_ceiling_target,140.0,1.712000000000001,1.786771110984457
5MHz_ceiling_target,140.0,1.7140000000000009,1.7771762174225234
5MHz_ceiling_target,140.0,1.716000000000001,1.767581323860588
5MHz_ceiling_target,140.0,1.7180000000000009,1.757986430298656
5MHz_ceiling_target,140.0,1.720000000000001,1.7483915367367207
5MHz_ceiling_target,140.0,1.7220000000000009,1.738796643174787
5MHz_ceiling_target,140.0,1.724000000000001,1.7292017496128533
5MHz_ceiling_target,140.0,1.7260000000000009,1.7196068560509197
5MHz_ceiling_target,140.0,1.728000000000001,1.7100119624889842
5MHz_ceiling_target,140.0,1.7300000000000009,1.7004170689270524
5MHz_ceiling_target,140.0,1.732000000000001,1.690822175365117
5MHz_ceiling_target,140.0,1.7340000000000009,1.6812272818031833
5MHz_ceiling_target,140.0,1.736000000000001,1.6716323882412478
5MHz_ceiling_target,140.0,1.7380000000000009,1.662037494679316
5MHz_ceiling_target,140.0,1.740000000000001,1.6524426011173805
5MHz_ceiling_target,140.0,1.7420000000000009,1.6428477075554468
5MHz_ceiling_target,140.0,1.744000000000001,1.6332528139935114
5MHz_ceiling_target,140.0,1.7460000000000009,1.6236579204315795
5MHz_ceiling_target,140.0,1.748000000000001,1.614063026869644
5MHz_ceiling_target,140.0,1.7500000000000009,1.6044681333077104
5MHz_ceiling_target,140.0,1.7520000000000011,1.5948732397457768
5MHz_ceiling_target,140.0,1.754000000000001,1.5852783461838431
5MHz_ceiling_target,140.0,1.7560000000000011,1.5756834526219077
5MHz_ceiling_target,140.0,1.758000000000001,1.566088559059974
5MHz_ceiling_target,140.0,1.7600000000000011,1.5564936654980404
5MHz_ceiling_target,140.0,1.762000000000001,1.5468987719361067
5MHz_ceiling_target,140.0,1.7640000000000011,1.5373038783741713
5MHz_ceiling_target,140.0,1.766000000000001,1.5277089848122394
5MHz_ceiling_target,140.0,1.7680000000000011,1.518114091250304
5MHz_ceiling_target,140.0,1.770000000000001,1.5085191976883703
5MHz_ceiling_target,140.0,1.7720000000000011,1.4989243041264348
5MHz_ceiling_target,140.0,1.774000000000001,1.489329410564503
5MHz_ceiling_target,140.0,1.7760000000000011,1.4797345170025675
5MHz_ceiling_target,140.0,1.778000000000001,1.4701396234406339
5MHz_ceiling_target,140.0,1.7800000000000011,1.4605447298786984
5MHz_ceiling_target,140.0,1.782000000000001,1.4509498363167666
5MHz_ceiling_target,140.0,1.7840000000000011,1.4413549427548311
5MHz_ceiling_target,140.0,1.786000000000001,1.4317600491928975
5MHz_ceiling_target,140.0,1.7880000000000011,1.4221651556309638
5MHz_ceiling_target,140.0,1.790000000000001,1.4125702620690301
5MHz_ceiling_target,140.0,1.7920000000000011,1.4029753685070947
5MHz_ceiling_target,140.0,1.794000000000001,1.3933804749451628
5MHz_ceiling_target,140.0,1.7960000000000012,1.3837855813832274
5MHz_ceiling_target,140.0,1.798000000000001,1.3741906878212937
5MHz_ceiling_target,140.0,1.8000000000000012,1.3645957942593583
